customer_id,age,gender,city,loyalty_segment,preferred_sales_channel,registration_date
1,50,Male,Sharjah,Silver,MobileApp,29 June 2024
2,20,Female,Abu Dhabi,Gold,Store,03 December 2024
3,55,Male,Dubai,Gold,Website,18 September 2023
4,25,Male,Abu Dhabi,Platinum,Store,02 January 2022
5,20,Female,Abu Dhabi,Silver,MobileApp,13 September 2021
6,30,Male,Dubai,Silver,Website,29 March 2025
7,45,Female,Abu Dhabi,Silver,MobileApp,16 March 2022
8,35,Female,Dubai,Silver,Store,20 September 2024
9,40,Male,Dubai,Platinum,Store,12 July 2025
10,35,Female,Sharjah,Silver,Website,11 March 2022
11,35,Male,Abu Dhabi,Silver,Amazon.ae,21 November 2022
12,40,Male,Sharjah,Silver,Store,24 January 2025
13,20,Female,Abu Dhabi,Silver,Store,04 November 2021
14,30,Male,Dubai,Silver,Store,24 August 2025
15,20,Female,Abu Dhabi,Silver,Website,24 January 2024
16,60,Female,Abu Dhabi,Silver,Store,13 February 2022
17,50,Female,Sharjah,Silver,MobileApp,06 April 2023
18,18,Male,Dubai,Platinum,Store,06 April 2024
19,35,Male,Sharjah,Silver,Store,28 March 2021
20,50,Female,Sharjah,Silver,Store,03 January 2021
21,20,Male,Abu Dhabi,Platinum,Website,07 January 2022
22,30,Male,Sharjah,Gold,Website,01 April 2025
23,50,Male,Dubai,Platinum,Store,04 October 2022
24,18,Male,Sharjah,Platinum,Amazon.ae,13 November 2023
25,35,Male,Abu Dhabi,Silver,Store,08 April 2021
26,25,Female,Dubai,Gold,MobileApp,01 November 2022
27,50,Female,Sharjah,Silver,Website,26 March 2025
28,55,Male,Dubai,Silver,Store,17 November 2021
29,50,Male,Dubai,Gold,MobileApp,18 June 2022
30,30,Male,Abu Dhabi,Silver,MobileApp,31 March 2023
31,45,Female,Dubai,Gold,Store,02 January 2022
32,40,Male,Dubai,Gold,Website,22 April 2024
33,25,Female,Sharjah,Silver,Store,21 February 2022
34,40,Male,Dubai,Gold,Website,30 December 2022
35,18,Female,Dubai,Silver,Store,22 May 2024
36,30,Male,Dubai,Silver,MobileApp,28 April 2023
37,20,Female,Dubai,Gold,Store,01 November 2022
38,20,Male,Abu Dhabi,Silver,Store,18 May 2024
39,18,Female,Abu Dhabi,Gold,Store,13 May 2021
40,35,Male,Sharjah,Silver,Store,22 February 2021
41,25,Female,Abu Dhabi,Silver,Website,11 January 2023
42,35,Female,Dubai,Gold,Store,26 November 2022
43,18,Male,Sharjah,Silver,MobileApp,23 January 2021
44,25,Female,Abu Dhabi,Silver,Store,04 February 2024
45,30,Female,Abu Dhabi,Silver,MobileApp,15 June 2025
46,40,Male,Abu Dhabi,Gold,Website,13 July 2025
47,25,Male,Sharjah,Silver,Noon,05 April 2022
48,35,Male,Abu Dhabi,Gold,Noon,12 October 2022
49,45,Female,Dubai,Silver,Amazon.ae,27 April 2022
50,35,Female,Abu Dhabi,Gold,MobileApp,30 April 2021
51,20,Male,Dubai,Platinum,Store,04 November 2022
52,18,Male,Dubai,Silver,MobileApp,27 July 2021
53,45,Female,Dubai,Silver,Noon,14 November 2021
54,18,Female,Dubai,Gold,Store,04 December 2021
55,45,Male,Dubai,Gold,Website,04 June 2021
56,30,Female,Dubai,Silver,Store,18 May 2023
57,50,Male,Abu Dhabi,Gold,Website,24 March 2024
58,40,Male,Sharjah,Gold,Website,29 January 2022
59,60,Female,Sharjah,Gold,Website,20 May 2022
60,25,Male,Dubai,Gold,Website,29 August 2023
61,40,Male,Abu Dhabi,Silver,Noon,09 November 2021
62,25,Male,Sharjah,Platinum,Website,06 July 2024
63,30,Female,Dubai,Silver,MobileApp,26 March 2024
64,35,Female,Abu Dhabi,Silver,Store,14 January 2021
65,45,Male,Abu Dhabi,Silver,Store,18 March 2021
66,60,Male,Dubai,Silver,Website,24 September 2024
67,40,Male,Sharjah,Silver,Store,13 February 2022
68,25,Female,Sharjah,Silver,Store,29 January 2022
69,25,Male,Dubai,Silver,Website,08 August 2021
70,35,Female,Dubai,Gold,Website,14 January 2023
71,20,Male,Dubai,Silver,Website,09 March 2022
72,20,Male,Dubai,Silver,Store,17 March 2023
73,25,Male,Abu Dhabi,Silver,Store,18 January 2025
74,25,Male,Abu Dhabi,Silver,Website,05 August 2025
75,25,Female,Dubai,Silver,Store,09 March 2024
76,20,Male,Sharjah,Silver,Store,15 September 2023
77,18,Male,Dubai,Platinum,Store,02 March 2025
78,18,Male,Dubai,Gold,Store,16 October 2022
79,60,Male,Dubai,Gold,Store,23 July 2025
80,25,Male,Abu Dhabi,Silver,Store,28 March 2023
81,25,Male,Dubai,Silver,Store,03 April 2025
82,35,Male,Dubai,Silver,Website,25 January 2023
83,20,Female,Dubai,Gold,Store,07 November 2022
84,50,Male,Sharjah,Silver,Store,12 April 2023
85,40,Male,Sharjah,Silver,Amazon.ae,25 January 2024
86,18,Female,Dubai,Silver,MobileApp,28 January 2021
87,25,Male,Dubai,Silver,Store,15 September 2023
88,45,Male,Abu Dhabi,Platinum,Amazon.ae,07 June 2024
89,50,Male,Abu Dhabi,Gold,Store,20 February 2022
90,30,Male,Dubai,Gold,Store,19 January 2025
91,35,Female,Sharjah,Silver,Noon,25 January 2021
92,20,Male,Abu Dhabi,Gold,Amazon.ae,07 September 2025
93,60,Female,Dubai,Gold,Website,28 November 2024
94,20,Male,Abu Dhabi,Platinum,Website,04 November 2022
95,50,Male,Sharjah,Silver,Website,26 June 2022
96,35,Female,Abu Dhabi,Silver,Store,14 June 2021
97,35,Male,Dubai,Gold,Store,27 July 2021
98,30,Female,Dubai,Silver,Website,07 August 2023
99,20,Male,Dubai,Gold,Amazon.ae,12 September 2023
100,20,Female,Dubai,Platinum,Store,06 September 2022
101,20,Male,Abu Dhabi,Silver,MobileApp,08 January 2022
102,20,Female,Sharjah,Silver,Store,10 September 2022
103,40,Male,Abu Dhabi,Silver,Website,10 March 2021
104,25,Female,Sharjah,Gold,Website,24 March 2025
105,18,Male,Dubai,Gold,Website,17 July 2025
106,55,Female,Sharjah,Silver,Store,08 October 2024
107,45,Male,Abu Dhabi,Silver,Store,11 April 2021
108,50,Female,Dubai,Silver,Website,01 January 2021
109,60,Male,Abu Dhabi,Gold,Store,17 December 2021
110,20,Male,Dubai,Silver,Store,07 January 2021
111,25,Male,Abu Dhabi,Silver,Website,14 November 2021
112,40,Male,Abu Dhabi,Gold,Website,15 September 2022
113,35,Male,Dubai,Silver,Store,24 May 2022
114,20,Female,Abu Dhabi,Silver,Website,05 July 2021
115,40,Female,Abu Dhabi,Silver,Amazon.ae,29 December 2022
116,20,Male,Dubai,Silver,Store,07 April 2022
117,20,Female,Dubai,Silver,Website,09 December 2021
118,30,Male,Dubai,Platinum,Store,27 September 2022
119,30,Male,Abu Dhabi,Gold,Store,14 December 2022
120,30,Female,Sharjah,Gold,Store,29 October 2023
121,18,Female,Sharjah,Platinum,Store,30 July 2022
122,45,Female,Abu Dhabi,Silver,MobileApp,16 May 2021
123,25,Male,Abu Dhabi,Silver,Store,18 January 2022
124,20,Female,Dubai,Silver,Website,05 July 2021
125,45,Male,Abu Dhabi,Gold,Store,01 October 2022
126,55,Male,Dubai,Gold,Store,17 July 2023
127,45,Male,Dubai,Silver,Website,27 October 2024
128,40,Female,Abu Dhabi,Silver,MobileApp,22 August 2023
129,35,Female,Dubai,Silver,MobileApp,15 July 2022
130,30,Female,Abu Dhabi,Silver,MobileApp,04 April 2024
131,18,Male,Sharjah,Gold,Store,17 June 2023
132,25,Male,Dubai,Silver,MobileApp,01 October 2022
133,25,Male,Dubai,Platinum,Store,17 November 2021
134,25,Male,Sharjah,Silver,MobileApp,09 September 2025
135,35,Male,Abu Dhabi,Gold,Amazon.ae,05 October 2025
136,30,Female,Dubai,Platinum,Store,26 March 2024
137,18,Male,Dubai,Platinum,Store,08 May 2023
138,20,Male,Abu Dhabi,Silver,Website,21 October 2025
139,35,Male,Abu Dhabi,Silver,MobileApp,25 September 2023
140,18,Male,Dubai,Silver,Store,12 October 2021
141,45,Male,Dubai,Silver,Noon,18 November 2023
142,30,Female,Sharjah,Gold,Website,17 December 2021
143,30,Female,Abu Dhabi,Platinum,Store,24 March 2021
144,30,Female,Sharjah,Silver,Store,06 July 2025
145,40,Male,Abu Dhabi,Silver,MobileApp,28 October 2022
146,25,Male,Sharjah,Silver,Store,25 October 2024
147,35,Male,Dubai,Gold,Store,25 June 2022
148,30,Female,Abu Dhabi,Platinum,Website,19 November 2024
149,25,Female,Dubai,Silver,Website,25 April 2022
150,45,Male,Abu Dhabi,Silver,Website,01 August 2021
151,40,Male,Dubai,Gold,Store,26 June 2025
152,35,Male,Dubai,Gold,MobileApp,19 July 2023
153,45,Female,Sharjah,Silver,Noon,26 December 2021
154,45,Female,Sharjah,Gold,Store,02 August 2021
155,35,Female,Dubai,Platinum,MobileApp,31 October 2021
156,40,Male,Abu Dhabi,Silver,Amazon.ae,24 March 2024
157,35,Male,Dubai,Silver,Website,04 November 2024
158,35,Male,Dubai,Silver,Website,19 July 2021
159,35,Male,Sharjah,Silver,Store,31 August 2025
160,40,Male,Dubai,Silver,Website,26 August 2021
161,20,Female,Sharjah,Silver,Website,02 November 2022
162,45,Female,Dubai,Silver,MobileApp,25 September 2025
163,45,Male,Abu Dhabi,Silver,Noon,05 April 2024
164,18,Female,Abu Dhabi,Silver,Store,03 June 2024
165,40,Male,Dubai,Silver,Store,29 May 2023
166,20,Male,Dubai,Gold,Store,08 September 2021
167,25,Male,Sharjah,Gold,MobileApp,27 July 2024
168,35,Male,Abu Dhabi,Silver,Store,21 April 2022
169,20,Male,Dubai,Silver,Website,13 May 2022
170,40,Male,Abu Dhabi,Gold,Store,05 September 2023
171,40,Male,Dubai,Silver,Website,23 October 2025
172,30,Female,Dubai,Platinum,Store,08 April 2025
173,18,Male,Dubai,Silver,Amazon.ae,24 September 2023
174,25,Male,Dubai,Gold,Website,02 December 2022
175,35,Male,Sharjah,Silver,Amazon.ae,05 December 2024
176,60,Female,Abu Dhabi,Gold,Website,23 February 2023
177,35,Male,Sharjah,Gold,Store,05 March 2022
178,25,Female,Abu Dhabi,Platinum,Store,23 June 2022
179,35,Male,Sharjah,Platinum,Noon,20 June 2023
180,30,Male,Abu Dhabi,Silver,MobileApp,06 January 2025
181,40,Female,Abu Dhabi,Silver,Store,26 August 2023
182,20,Male,Sharjah,Silver,MobileApp,29 July 2021
183,40,Male,Abu Dhabi,Silver,Store,20 April 2025
184,30,Male,Dubai,Silver,Store,30 September 2025
185,55,Female,Abu Dhabi,Gold,Store,06 May 2022
186,25,Male,Sharjah,Platinum,MobileApp,16 April 2022
187,35,Male,Abu Dhabi,Silver,Store,06 September 2025
188,50,Female,Abu Dhabi,Silver,Store,20 October 2025
189,20,Male,Abu Dhabi,Silver,Store,22 July 2022
190,50,Female,Sharjah,Gold,Store,26 October 2022
191,35,Female,Dubai,Silver,Website,26 January 2025
192,18,Male,Abu Dhabi,Platinum,Store,04 July 2022
193,25,Male,Dubai,Gold,Store,09 February 2025
194,35,Male,Abu Dhabi,Gold,Amazon.ae,17 July 2021
195,18,Female,Abu Dhabi,Silver,Store,05 June 2022
196,30,Female,Dubai,Silver,Store,03 March 2025
197,25,Female,Dubai,Platinum,Website,15 March 2025
198,35,Female,Abu Dhabi,Gold,Website,10 September 2025
199,18,Female,Dubai,Platinum,MobileApp,10 September 2024
200,45,Male,Dubai,Silver,Store,19 November 2022
201,55,Male,Sharjah,Gold,Amazon.ae,12 April 2022
202,55,Female,Dubai,Silver,MobileApp,19 August 2022
203,35,Male,Dubai,Gold,MobileApp,19 May 2021
204,20,Male,Sharjah,Gold,Store,12 October 2023
205,40,Female,Dubai,Gold,Store,30 August 2021
206,18,Male,Dubai,Gold,Website,12 November 2021
207,18,Female,Abu Dhabi,Silver,Amazon.ae,29 October 2022
208,25,Female,Abu Dhabi,Platinum,Website,03 January 2023
209,30,Male,Sharjah,Platinum,Store,15 May 2021
210,40,Female,Sharjah,Silver,Store,26 April 2024
211,35,Male,Abu Dhabi,Platinum,Website,10 September 2025
212,25,Male,Dubai,Silver,MobileApp,02 August 2022
213,25,Male,Dubai,Gold,Store,29 December 2023
214,60,Male,Dubai,Silver,Store,15 March 2022
215,25,Male,Dubai,Platinum,Store,18 March 2021
216,30,Male,Abu Dhabi,Silver,Website,04 February 2022
217,20,Male,Abu Dhabi,Silver,MobileApp,09 January 2022
218,40,Male,Dubai,Silver,MobileApp,02 November 2023
219,35,Female,Sharjah,Silver,Website,19 February 2025
220,20,Female,Dubai,Gold,Store,28 January 2023
221,18,Male,Dubai,Silver,Website,19 January 2023
222,35,Male,Abu Dhabi,Gold,Noon,03 February 2023
223,35,Male,Dubai,Platinum,Amazon.ae,21 February 2022
224,25,Male,Dubai,Gold,Amazon.ae,26 July 2021
225,55,Female,Dubai,Gold,Store,07 December 2021
226,20,Female,Dubai,Silver,MobileApp,02 July 2025
227,25,Male,Abu Dhabi,Silver,Amazon.ae,22 December 2022
228,50,Male,Sharjah,Silver,Website,07 November 2021
229,25,Male,Dubai,Silver,Store,24 August 2024
230,35,Female,Dubai,Platinum,Noon,09 August 2024
231,25,Male,Abu Dhabi,Silver,Website,17 September 2022
232,25,Female,Sharjah,Platinum,Store,31 October 2024
233,60,Female,Dubai,Silver,Store,31 March 2025
234,25,Male,Dubai,Gold,Website,25 September 2024
235,45,Female,Abu Dhabi,Silver,Store,24 March 2021
236,20,Female,Abu Dhabi,Silver,Store,20 May 2025
237,20,Female,Dubai,Gold,MobileApp,15 January 2025
238,18,Male,Abu Dhabi,Silver,MobileApp,24 October 2023
239,35,Male,Dubai,Gold,MobileApp,19 January 2025
240,25,Female,Abu Dhabi,Silver,Store,23 May 2023
241,45,Female,Abu Dhabi,Silver,Website,24 August 2021
242,30,Female,Sharjah,Platinum,Store,24 January 2022
243,55,Female,Dubai,Silver,Store,28 January 2022
244,20,Female,Dubai,Gold,Store,23 July 2025
245,45,Female,Dubai,Silver,MobileApp,17 January 2023
246,40,Male,Sharjah,Gold,Store,30 January 2021
247,40,Male,Dubai,Silver,Store,26 May 2025
248,40,Female,Dubai,Silver,Store,09 September 2023
249,40,Female,Dubai,Silver,Website,17 March 2024
250,35,Female,Abu Dhabi,Silver,Amazon.ae,28 August 2022
251,20,Male,Dubai,Silver,Amazon.ae,10 October 2021
252,18,Female,Dubai,Gold,Store,19 October 2025
253,50,Female,Dubai,Gold,Store,26 August 2021
254,35,Male,Sharjah,Silver,Store,29 October 2025
255,40,Male,Abu Dhabi,Silver,MobileApp,01 January 2023
256,30,Male,Abu Dhabi,Silver,Store,04 September 2024
257,20,Male,Sharjah,Silver,Store,22 September 2024
258,20,Male,Sharjah,Silver,Website,31 January 2021
259,35,Male,Dubai,Silver,Store,05 September 2023
260,25,Male,Sharjah,Platinum,Store,04 July 2023
261,20,Female,Dubai,Gold,Store,08 July 2025
262,30,Female,Dubai,Silver,Store,26 June 2025
263,18,Female,Sharjah,Silver,Website,17 June 2025
264,30,Male,Dubai,Gold,Noon,26 July 2021
265,25,Male,Dubai,Silver,Store,22 June 2023
266,40,Female,Dubai,Gold,Store,06 June 2024
267,25,Male,Abu Dhabi,Platinum,Amazon.ae,06 August 2022
268,30,Female,Dubai,Silver,Amazon.ae,27 September 2024
269,18,Female,Abu Dhabi,Silver,Store,05 April 2022
270,18,Male,Sharjah,Gold,Website,16 May 2021
271,25,Female,Abu Dhabi,Platinum,Store,05 September 2023
272,30,Male,Dubai,Silver,MobileApp,11 October 2021
273,35,Male,Sharjah,Gold,Noon,30 April 2023
274,25,Female,Dubai,Silver,Website,17 December 2021
275,35,Male,Dubai,Silver,Website,17 January 2021
276,45,Female,Dubai,Gold,Store,23 May 2024
277,40,Male,Abu Dhabi,Platinum,Website,19 November 2024
278,18,Male,Dubai,Gold,Website,23 November 2024
279,30,Female,Dubai,Gold,Website,18 February 2022
280,20,Female,Dubai,Silver,Store,21 June 2024
281,20,Male,Dubai,Silver,Website,24 January 2024
282,60,Male,Abu Dhabi,Silver,Website,15 July 2025
283,20,Female,Sharjah,Silver,Store,06 January 2021
284,30,Male,Abu Dhabi,Gold,Store,19 February 2023
285,35,Female,Dubai,Silver,Store,28 March 2021
286,35,Female,Dubai,Gold,MobileApp,08 July 2021
287,30,Female,Sharjah,Gold,Website,27 June 2025
288,18,Female,Dubai,Silver,MobileApp,28 June 2025
289,25,Male,Sharjah,Silver,Store,24 February 2022
290,30,Female,Dubai,Gold,Amazon.ae,27 December 2023
291,18,Female,Sharjah,Platinum,MobileApp,30 June 2025
292,25,Male,Dubai,Gold,Store,05 September 2021
293,18,Female,Dubai,Silver,Store,10 May 2023
294,18,Male,Abu Dhabi,Silver,Store,26 July 2021
295,25,Male,Abu Dhabi,Silver,Noon,13 May 2024
296,20,Male,Dubai,Silver,Store,04 September 2024
297,30,Female,Abu Dhabi,Gold,Store,12 January 2024
298,35,Male,Abu Dhabi,Gold,Store,28 February 2022
299,40,Female,Dubai,Silver,MobileApp,11 January 2024
300,20,Female,Dubai,Silver,Store,03 July 2022
301,20,Male,Dubai,Silver,Store,15 October 2025
302,20,Male,Dubai,Platinum,Store,02 May 2022
303,35,Female,Abu Dhabi,Silver,Store,13 May 2021
304,35,Male,Dubai,Gold,Store,25 April 2021
305,18,Female,Dubai,Silver,Website,12 January 2022
306,50,Male,Dubai,Gold,MobileApp,04 September 2023
307,18,Male,Abu Dhabi,Silver,MobileApp,30 July 2021
308,30,Female,Dubai,Silver,MobileApp,12 May 2021
309,35,Male,Dubai,Gold,Store,29 October 2024
310,45,Male,Dubai,Silver,MobileApp,03 June 2021
311,35,Male,Sharjah,Silver,Store,09 July 2023
312,40,Male,Dubai,Silver,Store,17 December 2024
313,25,Male,Abu Dhabi,Silver,Amazon.ae,10 August 2023
314,40,Female,Dubai,Silver,MobileApp,17 March 2023
315,18,Male,Dubai,Gold,Website,21 October 2024
316,45,Male,Abu Dhabi,Platinum,Amazon.ae,14 September 2025
317,30,Female,Dubai,Silver,Noon,27 May 2021
318,40,Male,Sharjah,Silver,Website,24 October 2025
319,30,Male,Sharjah,Silver,Website,25 February 2024
320,35,Female,Abu Dhabi,Silver,MobileApp,24 August 2024
321,30,Female,Abu Dhabi,Silver,Store,16 December 2022
322,35,Female,Dubai,Gold,Store,16 February 2024
323,18,Female,Dubai,Silver,MobileApp,16 May 2025
324,18,Male,Sharjah,Silver,Store,19 August 2021
325,20,Female,Abu Dhabi,Gold,Store,27 March 2022
326,20,Male,Abu Dhabi,Platinum,Store,04 March 2025
327,45,Male,Dubai,Platinum,Store,13 August 2025
328,20,Male,Dubai,Gold,Noon,14 March 2024
329,55,Male,Sharjah,Platinum,Website,26 June 2023
330,25,Male,Dubai,Silver,Website,05 July 2025
331,20,Female,Dubai,Silver,Noon,30 August 2025
332,40,Male,Dubai,Silver,Amazon.ae,21 September 2025
333,35,Male,Sharjah,Gold,Website,09 December 2023
334,30,Male,Dubai,Platinum,Amazon.ae,17 April 2021
335,30,Male,Sharjah,Silver,Store,03 April 2021
336,35,Female,Dubai,Gold,Store,18 July 2025
337,20,Male,Sharjah,Gold,Store,09 April 2023
338,60,Male,Abu Dhabi,Platinum,Website,20 May 2021
339,55,Male,Dubai,Gold,Website,30 August 2024
340,35,Female,Abu Dhabi,Platinum,Website,11 January 2021
341,20,Male,Dubai,Silver,Website,24 March 2022
342,35,Male,Dubai,Silver,Store,16 July 2023
343,18,Male,Sharjah,Silver,Store,30 January 2022
344,18,Male,Dubai,Silver,Website,09 March 2025
345,25,Male,Dubai,Silver,Store,13 January 2022
346,30,Female,Dubai,Gold,Website,27 December 2021
347,45,Female,Dubai,Gold,Website,14 November 2022
348,35,Female,Sharjah,Gold,Website,14 October 2023
349,35,Male,Dubai,Silver,Store,21 April 2025
350,25,Male,Sharjah,Silver,Website,04 October 2022
351,25,Male,Sharjah,Silver,MobileApp,27 July 2022
352,25,Female,Dubai,Silver,Noon,24 September 2023
353,60,Female,Dubai,Silver,MobileApp,04 May 2025
354,18,Female,Sharjah,Silver,Website,12 July 2023
355,45,Male,Dubai,Silver,Store,31 January 2022
356,30,Male,Dubai,Gold,Website,05 July 2021
357,25,Male,Dubai,Silver,Amazon.ae,29 May 2024
358,35,Female,Abu Dhabi,Platinum,Store,22 March 2025
359,30,Female,Abu Dhabi,Silver,Store,16 August 2024
360,45,Female,Dubai,Platinum,Store,13 April 2024
361,50,Male,Dubai,Silver,MobileApp,06 January 2022
362,25,Male,Sharjah,Silver,Store,13 March 2025
363,25,Female,Abu Dhabi,Silver,Store,12 May 2024
364,30,Female,Abu Dhabi,Gold,Amazon.ae,31 August 2022
365,50,Male,Abu Dhabi,Silver,Website,09 October 2021
366,20,Male,Dubai,Silver,Store,29 July 2025
367,35,Male,Abu Dhabi,Gold,Store,10 December 2024
368,35,Male,Dubai,Silver,Store,23 November 2023
369,35,Male,Dubai,Silver,Website,23 March 2021
370,20,Female,Abu Dhabi,Silver,Store,15 February 2025
371,35,Male,Dubai,Gold,Website,28 May 2021
372,50,Male,Sharjah,Silver,MobileApp,19 June 2025
373,20,Male,Dubai,Silver,Website,23 August 2023
374,20,Female,Sharjah,Silver,Store,19 September 2023
375,55,Female,Sharjah,Silver,Website,06 August 2023
376,20,Male,Dubai,Gold,MobileApp,10 May 2022
377,45,Female,Abu Dhabi,Silver,Store,08 April 2024
378,30,Female,Dubai,Silver,Store,24 December 2022
379,20,Male,Sharjah,Silver,Website,04 December 2022
380,45,Male,Dubai,Silver,Website,28 October 2023
381,25,Female,Abu Dhabi,Silver,Store,04 November 2024
382,30,Female,Dubai,Silver,MobileApp,06 April 2023
383,25,Female,Dubai,Silver,Website,10 March 2022
384,30,Female,Dubai,Platinum,Amazon.ae,24 November 2023
385,20,Female,Dubai,Silver,Store,17 July 2022
386,25,Male,Abu Dhabi,Silver,MobileApp,14 July 2025
387,55,Male,Abu Dhabi,Silver,Store,18 May 2021
388,25,Male,Abu Dhabi,Silver,Website,02 January 2022
389,35,Male,Dubai,Gold,Website,16 April 2021
390,25,Female,Dubai,Silver,Store,05 March 2023
391,40,Female,Dubai,Silver,MobileApp,22 November 2023
392,20,Female,Sharjah,Gold,Store,28 September 2022
393,55,Male,Sharjah,Silver,Website,02 September 2025
394,30,Female,Dubai,Silver,Store,14 September 2023
395,20,Male,Dubai,Silver,MobileApp,16 August 2023
396,18,Male,Dubai,Silver,Store,28 March 2025
397,20,Female,Abu Dhabi,Gold,MobileApp,06 April 2024
398,30,Female,Abu Dhabi,Silver,MobileApp,05 May 2023
399,25,Female,Abu Dhabi,Silver,MobileApp,19 March 2021
400,40,Male,Dubai,Silver,Store,19 April 2025
401,25,Male,Abu Dhabi,Silver,Website,28 July 2021
402,20,Male,Abu Dhabi,Platinum,Store,05 December 2024
403,35,Male,Dubai,Silver,MobileApp,08 January 2021
404,35,Female,Abu Dhabi,Platinum,MobileApp,07 January 2023
405,20,Female,Dubai,Silver,Website,15 August 2021
406,20,Female,Dubai,Gold,MobileApp,24 June 2021
407,18,Male,Sharjah,Silver,Store,22 March 2021
408,35,Female,Dubai,Silver,Website,17 December 2023
409,35,Male,Sharjah,Gold,Store,04 March 2024
410,30,Female,Abu Dhabi,Gold,Noon,26 August 2021
411,40,Male,Dubai,Silver,Amazon.ae,04 February 2025
412,40,Male,Abu Dhabi,Silver,MobileApp,25 May 2024
413,30,Male,Abu Dhabi,Silver,Amazon.ae,29 October 2025
414,45,Female,Dubai,Platinum,Store,16 November 2023
415,20,Male,Dubai,Silver,Amazon.ae,06 July 2021
416,20,Male,Dubai,Gold,Store,22 September 2022
417,25,Female,Dubai,Gold,MobileApp,29 September 2025
418,18,Male,Dubai,Gold,MobileApp,14 February 2024
419,30,Male,Dubai,Silver,Store,11 October 2023
420,50,Male,Dubai,Silver,Store,26 March 2023
421,18,Male,Sharjah,Platinum,Store,06 September 2022
422,20,Female,Dubai,Gold,Noon,11 June 2023
423,30,Female,Abu Dhabi,Gold,Store,01 April 2024
424,50,Male,Abu Dhabi,Silver,Website,08 December 2024
425,25,Female,Abu Dhabi,Gold,MobileApp,27 June 2021
426,30,Male,Dubai,Silver,Store,12 September 2023
427,18,Male,Sharjah,Silver,Website,07 October 2021
428,20,Male,Abu Dhabi,Gold,Website,09 March 2023
429,60,Male,Sharjah,Silver,Store,20 May 2024
430,55,Male,Dubai,Gold,MobileApp,14 December 2023
431,18,Female,Dubai,Silver,Store,08 March 2021
432,55,Female,Abu Dhabi,Silver,Store,28 June 2022
433,35,Male,Dubai,Silver,Website,04 June 2022
434,45,Female,Dubai,Silver,Store,14 May 2022
435,30,Female,Dubai,Silver,Amazon.ae,04 August 2023
436,30,Female,Abu Dhabi,Gold,Amazon.ae,25 December 2024
437,30,Female,Sharjah,Gold,Website,28 December 2022
438,35,Male,Dubai,Silver,Store,06 December 2023
439,20,Female,Sharjah,Silver,Store,04 June 2025
440,18,Female,Abu Dhabi,Gold,Store,25 November 2023
441,25,Female,Dubai,Gold,Website,08 July 2021
442,35,Male,Sharjah,Gold,MobileApp,18 January 2024
443,20,Male,Sharjah,Gold,Store,20 September 2024
444,35,Male,Abu Dhabi,Silver,Store,05 August 2023
445,55,Male,Dubai,Silver,Website,16 May 2021
446,18,Male,Abu Dhabi,Silver,Store,30 June 2022
447,35,Female,Dubai,Silver,MobileApp,04 March 2023
448,25,Male,Dubai,Gold,Website,11 February 2024
449,45,Female,Dubai,Silver,Website,10 April 2024
450,20,Male,Sharjah,Platinum,Store,24 September 2024
451,35,Female,Sharjah,Gold,Amazon.ae,09 July 2022
452,40,Male,Dubai,Gold,Store,13 June 2023
453,50,Male,Dubai,Platinum,Amazon.ae,04 August 2023
454,35,Female,Sharjah,Silver,Store,09 June 2022
455,30,Female,Dubai,Gold,Amazon.ae,23 June 2021
456,35,Female,Abu Dhabi,Silver,MobileApp,29 September 2022
457,45,Male,Dubai,Silver,Store,17 September 2024
458,30,Male,Dubai,Gold,MobileApp,26 July 2021
459,18,Female,Sharjah,Silver,Website,28 September 2024
460,50,Male,Dubai,Platinum,Store,07 August 2023
461,35,Female,Dubai,Gold,Store,14 April 2021
462,35,Male,Dubai,Gold,Website,24 July 2025
463,20,Male,Sharjah,Silver,Website,30 November 2023
464,35,Male,Sharjah,Gold,MobileApp,13 November 2023
465,25,Male,Dubai,Silver,MobileApp,29 June 2024
466,35,Female,Dubai,Gold,Website,17 October 2021
467,20,Female,Abu Dhabi,Silver,MobileApp,10 May 2024
468,35,Male,Dubai,Gold,Website,24 March 2024
469,60,Female,Abu Dhabi,Silver,Store,21 July 2022
470,18,Male,Dubai,Silver,Amazon.ae,04 February 2024
471,55,Male,Dubai,Silver,Store,07 July 2024
472,25,Male,Abu Dhabi,Silver,Store,22 August 2023
473,45,Female,Dubai,Gold,MobileApp,08 May 2024
474,40,Female,Sharjah,Silver,Store,18 April 2023
475,30,Female,Dubai,Silver,Store,25 May 2024
476,35,Female,Dubai,Silver,Store,15 February 2022
477,45,Female,Sharjah,Silver,Website,02 May 2025
478,25,Female,Dubai,Silver,Noon,01 June 2023
479,25,Female,Abu Dhabi,Gold,Website,15 February 2024
480,35,Female,Dubai,Silver,Website,05 June 2023
481,40,Male,Abu Dhabi,Silver,Store,28 February 2022
482,40,Male,Abu Dhabi,Silver,Store,20 May 2024
483,40,Male,Dubai,Silver,Store,04 June 2021
484,25,Male,Sharjah,Silver,Store,10 July 2024
485,40,Female,Abu Dhabi,Silver,Store,11 March 2025
486,20,Male,Dubai,Gold,Store,31 May 2021
487,30,Female,Abu Dhabi,Silver,Store,31 July 2021
488,18,Male,Abu Dhabi,Silver,MobileApp,30 April 2024
489,25,Male,Dubai,Silver,Amazon.ae,31 May 2023
490,25,Male,Dubai,Gold,Amazon.ae,25 January 2023
491,25,Female,Dubai,Platinum,Website,27 January 2024
492,35,Male,Dubai,Silver,Store,25 June 2022
493,25,Male,Abu Dhabi,Platinum,MobileApp,02 December 2022
494,25,Female,Dubai,Silver,Store,21 June 2021
495,20,Female,Sharjah,Silver,Website,06 January 2022
496,25,Male,Dubai,Silver,MobileApp,29 September 2025
497,20,Male,Dubai,Silver,MobileApp,24 March 2024
498,18,Male,Abu Dhabi,Silver,Noon,09 March 2024
499,35,Female,Abu Dhabi,Silver,MobileApp,02 July 2023
500,35,Male,Abu Dhabi,Silver,Website,13 March 2023
501,35,Male,Dubai,Silver,Store,13 September 2021
502,30,Male,Dubai,Silver,Amazon.ae,17 September 2023
503,25,Male,Dubai,Silver,Store,07 November 2022
504,45,Female,Sharjah,Gold,Amazon.ae,28 July 2025
505,30,Male,Dubai,Silver,Store,14 May 2023
506,30,Male,Sharjah,Gold,Store,20 February 2022
507,18,Male,Abu Dhabi,Gold,MobileApp,25 November 2021
508,25,Male,Dubai,Silver,Store,02 November 2024
509,25,Male,Abu Dhabi,Silver,MobileApp,07 July 2023
510,25,Female,Sharjah,Silver,Store,13 July 2024
511,30,Female,Sharjah,Silver,Amazon.ae,14 April 2025
512,30,Female,Dubai,Silver,Website,08 March 2024
513,35,Female,Dubai,Silver,Website,20 August 2023
514,40,Female,Dubai,Silver,Store,04 April 2023
515,40,Male,Dubai,Gold,Store,09 June 2025
516,35,Female,Abu Dhabi,Silver,MobileApp,16 March 2025
517,55,Female,Sharjah,Gold,Store,06 September 2021
518,18,Female,Dubai,Silver,Store,15 January 2023
519,20,Male,Abu Dhabi,Gold,Website,04 November 2021
520,18,Male,Abu Dhabi,Silver,Website,27 July 2022
521,35,Female,Dubai,Silver,Store,27 May 2024
522,45,Female,Dubai,Platinum,Store,09 March 2023
523,20,Female,Abu Dhabi,Gold,Store,28 September 2023
524,50,Male,Sharjah,Silver,Amazon.ae,31 January 2023
525,18,Male,Abu Dhabi,Silver,Store,27 May 2025
526,50,Male,Dubai,Gold,Noon,20 October 2021
527,25,Female,Dubai,Gold,Store,14 February 2022
528,20,Male,Dubai,Silver,Store,17 July 2021
529,30,Male,Abu Dhabi,Silver,Website,21 March 2021
530,25,Female,Abu Dhabi,Gold,Store,09 November 2024
531,25,Male,Dubai,Silver,Website,17 May 2021
532,25,Female,Sharjah,Gold,Amazon.ae,01 August 2021
533,40,Male,Abu Dhabi,Silver,Store,11 September 2022
534,30,Female,Abu Dhabi,Platinum,MobileApp,18 August 2023
535,25,Female,Sharjah,Gold,Store,15 May 2024
536,35,Female,Dubai,Gold,Store,15 August 2025
537,35,Female,Sharjah,Silver,Store,02 March 2024
538,25,Male,Dubai,Silver,Amazon.ae,15 June 2021
539,25,Male,Dubai,Silver,Store,07 March 2025
540,20,Male,Sharjah,Gold,Amazon.ae,06 March 2022
541,20,Female,Sharjah,Gold,Website,18 April 2024
542,35,Female,Abu Dhabi,Silver,Store,01 May 2021
543,20,Male,Abu Dhabi,Gold,Website,12 April 2024
544,30,Female,Abu Dhabi,Gold,MobileApp,27 November 2021
545,35,Male,Sharjah,Silver,MobileApp,28 December 2023
546,20,Female,Dubai,Silver,Website,19 September 2025
547,30,Female,Sharjah,Gold,Amazon.ae,07 March 2024
548,25,Male,Dubai,Silver,Store,24 August 2024
549,55,Male,Dubai,Gold,Amazon.ae,15 September 2024
550,30,Male,Dubai,Silver,MobileApp,15 June 2024
551,40,Female,Abu Dhabi,Platinum,MobileApp,03 April 2025
552,30,Male,Sharjah,Silver,MobileApp,05 January 2024
553,18,Male,Abu Dhabi,Silver,Website,20 March 2024
554,35,Male,Sharjah,Silver,Website,12 September 2022
555,55,Male,Dubai,Silver,Website,16 August 2025
556,35,Male,Abu Dhabi,Silver,Store,01 September 2024
557,40,Female,Sharjah,Silver,Website,06 February 2021
558,45,Male,Abu Dhabi,Platinum,Store,22 August 2023
559,20,Female,Abu Dhabi,Platinum,Store,25 April 2023
560,20,Female,Abu Dhabi,Silver,Store,09 August 2025
561,35,Male,Sharjah,Gold,Store,24 February 2024
562,25,Male,Sharjah,Silver,Store,08 March 2023
563,40,Female,Dubai,Gold,Amazon.ae,02 July 2025
564,50,Female,Sharjah,Gold,Store,13 October 2021
565,25,Male,Dubai,Silver,MobileApp,17 June 2024
566,20,Male,Dubai,Gold,Store,06 June 2023
567,40,Male,Sharjah,Gold,Store,26 June 2025
568,25,Female,Dubai,Silver,Store,08 August 2021
569,40,Male,Sharjah,Platinum,Store,28 October 2023
570,25,Male,Dubai,Platinum,Website,04 August 2021
571,35,Female,Dubai,Silver,Website,12 November 2022
572,18,Female,Dubai,Gold,Store,29 May 2025
573,35,Male,Dubai,Platinum,Website,20 October 2021
574,30,Male,Abu Dhabi,Silver,Amazon.ae,12 April 2025
575,30,Female,Dubai,Silver,Store,16 February 2025
576,20,Male,Dubai,Silver,Store,12 February 2021
577,35,Male,Dubai,Gold,Website,23 August 2024
578,45,Female,Dubai,Gold,Store,22 January 2024
579,20,Male,Abu Dhabi,Silver,Noon,26 May 2025
580,18,Female,Dubai,Platinum,Website,16 July 2024
581,18,Female,Abu Dhabi,Gold,Website,03 July 2025
582,35,Male,Sharjah,Gold,Store,24 November 2022
583,35,Male,Abu Dhabi,Silver,Website,23 May 2024
584,30,Female,Sharjah,Silver,Store,17 August 2023
585,20,Female,Dubai,Gold,Amazon.ae,24 April 2021
586,25,Female,Dubai,Silver,Website,23 April 2024
587,30,Female,Sharjah,Gold,Store,10 July 2023
588,30,Male,Abu Dhabi,Gold,Website,23 February 2024
589,60,Female,Abu Dhabi,Silver,Store,03 February 2024
590,20,Male,Abu Dhabi,Gold,Store,25 August 2021
591,35,Male,Dubai,Silver,Website,15 October 2022
592,25,Male,Dubai,Silver,Website,07 June 2021
593,25,Male,Abu Dhabi,Silver,Website,06 February 2025
594,35,Female,Abu Dhabi,Silver,Store,27 June 2023
595,35,Male,Dubai,Silver,Website,09 March 2025
596,60,Male,Sharjah,Gold,Store,19 August 2023
597,20,Male,Dubai,Gold,Website,21 July 2024
598,20,Female,Dubai,Silver,Website,03 May 2023
599,35,Female,Sharjah,Gold,Website,15 February 2024
600,30,Male,Abu Dhabi,Silver,Amazon.ae,05 June 2023
601,25,Male,Abu Dhabi,Silver,Amazon.ae,17 May 2025
602,18,Male,Dubai,Gold,Noon,09 April 2025
603,18,Female,Dubai,Gold,Noon,01 March 2021
604,45,Female,Abu Dhabi,Gold,MobileApp,05 February 2022
605,20,Male,Dubai,Silver,Noon,08 April 2023
606,25,Female,Sharjah,Gold,Amazon.ae,18 April 2024
607,20,Male,Sharjah,Gold,MobileApp,09 June 2024
608,25,Female,Sharjah,Platinum,Store,21 April 2022
609,18,Male,Dubai,Silver,Store,17 October 2022
610,30,Male,Abu Dhabi,Silver,MobileApp,25 April 2023
611,18,Male,Dubai,Gold,Website,13 July 2023
612,40,Male,Dubai,Platinum,MobileApp,22 June 2024
613,20,Female,Dubai,Silver,Store,05 June 2025
614,30,Male,Dubai,Silver,Store,30 September 2022
615,45,Female,Sharjah,Silver,MobileApp,11 October 2022
616,35,Female,Dubai,Silver,Amazon.ae,11 May 2025
617,30,Male,Dubai,Silver,Store,01 August 2021
618,25,Male,Sharjah,Silver,Amazon.ae,18 June 2025
619,25,Male,Dubai,Silver,MobileApp,22 January 2025
620,35,Female,Abu Dhabi,Silver,Store,17 September 2023
621,60,Male,Dubai,Silver,Store,15 March 2023
622,35,Male,Dubai,Silver,Store,08 May 2021
623,30,Male,Sharjah,Silver,Store,10 August 2023
624,35,Female,Dubai,Platinum,Website,05 August 2021
625,30,Male,Abu Dhabi,Silver,Store,12 December 2022
626,18,Male,Dubai,Gold,Store,20 January 2021
627,30,Male,Dubai,Silver,MobileApp,10 May 2025
628,55,Male,Dubai,Platinum,Website,20 December 2023
629,20,Female,Dubai,Silver,Website,06 November 2022
630,35,Male,Dubai,Silver,Store,15 December 2022
631,20,Female,Abu Dhabi,Silver,MobileApp,09 January 2023
632,30,Female,Dubai,Gold,Amazon.ae,27 February 2024
633,18,Female,Dubai,Silver,Website,11 July 2022
634,30,Female,Dubai,Silver,Amazon.ae,16 July 2021
635,40,Male,Sharjah,Silver,MobileApp,25 July 2023
636,25,Male,Sharjah,Gold,MobileApp,24 February 2025
637,35,Female,Abu Dhabi,Silver,MobileApp,09 November 2022
638,40,Male,Sharjah,Silver,Store,19 May 2022
639,50,Female,Dubai,Silver,Store,24 June 2024
640,20,Male,Dubai,Silver,Store,08 January 2023
641,25,Female,Abu Dhabi,Gold,Store,03 March 2023
642,20,Female,Abu Dhabi,Silver,Store,07 July 2024
643,60,Male,Dubai,Silver,Amazon.ae,02 October 2024
644,50,Male,Dubai,Gold,Store,16 July 2021
645,30,Female,Sharjah,Gold,Noon,05 February 2024
646,40,Female,Sharjah,Silver,Website,20 February 2023
647,30,Male,Dubai,Gold,Store,14 January 2023
648,35,Female,Abu Dhabi,Silver,Website,25 June 2025
649,18,Male,Dubai,Silver,Store,29 March 2024
650,40,Male,Dubai,Platinum,Noon,26 February 2022
651,20,Female,Dubai,Platinum,MobileApp,19 June 2025
652,40,Female,Dubai,Silver,Store,15 May 2024
653,40,Female,Dubai,Silver,Amazon.ae,29 August 2024
654,35,Female,Sharjah,Silver,MobileApp,08 March 2022
655,18,Male,Dubai,Silver,Store,15 July 2023
656,25,Female,Abu Dhabi,Silver,Website,23 August 2021
657,25,Male,Dubai,Silver,Website,23 November 2021
658,25,Male,Dubai,Platinum,Store,23 July 2023
659,18,Male,Sharjah,Gold,MobileApp,24 April 2022
660,50,Male,Abu Dhabi,Silver,Store,04 March 2022
661,30,Male,Sharjah,Silver,Website,28 October 2022
662,25,Male,Sharjah,Silver,Store,29 January 2024
663,25,Male,Dubai,Silver,Noon,15 June 2024
664,25,Male,Dubai,Silver,MobileApp,05 February 2024
665,35,Female,Sharjah,Gold,Store,08 May 2023
666,30,Male,Sharjah,Silver,Store,19 October 2024
667,50,Male,Abu Dhabi,Gold,Store,04 October 2022
668,30,Female,Abu Dhabi,Gold,MobileApp,22 March 2023
669,60,Female,Abu Dhabi,Silver,Store,25 February 2025
670,45,Female,Dubai,Silver,MobileApp,03 December 2023
671,20,Male,Abu Dhabi,Gold,Amazon.ae,29 July 2022
672,50,Female,Sharjah,Platinum,Website,02 January 2024
673,20,Male,Abu Dhabi,Gold,Store,18 September 2025
674,40,Male,Dubai,Silver,Store,16 October 2023
675,25,Male,Dubai,Silver,Website,11 July 2025
676,45,Female,Dubai,Silver,Website,20 August 2024
677,45,Male,Dubai,Platinum,Website,26 October 2023
678,40,Male,Sharjah,Gold,Website,31 May 2025
679,40,Male,Dubai,Gold,Store,14 March 2023
680,25,Female,Dubai,Silver,Amazon.ae,04 October 2024
681,18,Female,Dubai,Gold,Store,04 February 2022
682,25,Male,Abu Dhabi,Silver,Website,18 August 2022
683,20,Female,Abu Dhabi,Silver,MobileApp,27 December 2024
684,35,Male,Dubai,Silver,Store,15 May 2025
685,25,Female,Dubai,Platinum,MobileApp,05 February 2024
686,55,Male,Dubai,Gold,MobileApp,27 April 2021
687,35,Female,Abu Dhabi,Silver,Website,18 January 2022
688,40,Male,Dubai,Gold,Store,09 May 2023
689,20,Female,Sharjah,Silver,Store,23 March 2021
690,45,Male,Dubai,Silver,Store,12 April 2023
691,50,Male,Dubai,Silver,Store,23 May 2023
692,30,Male,Abu Dhabi,Silver,Noon,15 October 2022
693,35,Male,Dubai,Silver,Website,04 January 2023
694,40,Male,Abu Dhabi,Silver,Store,04 December 2024
695,20,Female,Dubai,Gold,Amazon.ae,11 March 2021
696,30,Male,Abu Dhabi,Silver,MobileApp,22 January 2022
697,25,Female,Abu Dhabi,Gold,Store,08 June 2022
698,20,Female,Sharjah,Silver,Store,24 October 2021
699,25,Female,Dubai,Gold,Store,09 September 2022
700,18,Female,Dubai,Gold,Noon,20 December 2022
701,18,Female,Dubai,Gold,Website,25 December 2023
702,20,Male,Sharjah,Silver,Amazon.ae,18 May 2025
703,55,Female,Sharjah,Gold,Store,27 June 2021
704,30,Male,Dubai,Silver,Amazon.ae,29 October 2023
705,55,Female,Dubai,Gold,Store,28 March 2024
706,25,Female,Dubai,Silver,Noon,11 January 2021
707,25,Male,Dubai,Silver,Amazon.ae,24 February 2023
708,30,Male,Dubai,Silver,Store,15 February 2022
709,25,Male,Dubai,Gold,MobileApp,11 June 2023
710,20,Female,Abu Dhabi,Silver,MobileApp,30 August 2022
711,35,Female,Sharjah,Platinum,Amazon.ae,04 June 2021
712,20,Male,Sharjah,Platinum,Store,14 May 2024
713,35,Female,Dubai,Gold,Website,13 February 2024
714,35,Female,Abu Dhabi,Silver,Amazon.ae,03 November 2024
715,20,Male,Sharjah,Gold,MobileApp,22 August 2022
716,18,Male,Dubai,Silver,Store,04 April 2023
717,40,Female,Abu Dhabi,Silver,MobileApp,29 September 2025
718,30,Female,Dubai,Platinum,Store,16 December 2021
719,18,Female,Dubai,Platinum,MobileApp,27 January 2024
720,60,Male,Dubai,Platinum,Store,01 August 2023
721,18,Male,Dubai,Silver,Store,19 January 2021
722,35,Male,Abu Dhabi,Silver,Website,09 November 2021
723,60,Male,Dubai,Silver,Store,16 July 2023
724,20,Male,Dubai,Silver,Website,12 June 2022
725,20,Female,Dubai,Silver,Website,11 July 2022
726,20,Male,Sharjah,Silver,Store,18 August 2025
727,25,Female,Dubai,Gold,Store,21 March 2022
728,20,Male,Abu Dhabi,Gold,MobileApp,19 August 2021
729,35,Female,Abu Dhabi,Gold,Store,20 August 2025
730,18,Male,Dubai,Gold,Website,17 September 2022
731,30,Male,Dubai,Silver,Website,08 October 2023
732,60,Male,Abu Dhabi,Silver,Amazon.ae,08 June 2023
733,40,Female,Dubai,Gold,MobileApp,25 December 2021
734,35,Female,Dubai,Silver,Store,07 November 2024
735,25,Male,Abu Dhabi,Silver,MobileApp,16 March 2025
736,35,Male,Dubai,Silver,Noon,13 February 2021
737,30,Female,Dubai,Silver,Website,20 October 2024
738,25,Male,Dubai,Gold,Noon,27 May 2023
739,20,Male,Dubai,Gold,Website,04 July 2025
740,45,Female,Abu Dhabi,Platinum,Website,09 February 2024
741,25,Female,Abu Dhabi,Silver,Store,11 August 2021
742,20,Male,Abu Dhabi,Silver,Website,10 November 2024
743,25,Male,Abu Dhabi,Gold,Store,21 June 2023
744,25,Female,Dubai,Silver,Store,12 July 2024
745,40,Male,Dubai,Silver,Store,28 September 2021
746,35,Male,Dubai,Platinum,Store,31 July 2021
747,40,Female,Dubai,Gold,Store,28 February 2025
748,18,Female,Sharjah,Platinum,Website,30 August 2024
749,25,Male,Sharjah,Silver,Store,11 November 2024
750,30,Female,Dubai,Silver,Noon,04 September 2021
751,18,Female,Dubai,Gold,Store,06 August 2023
752,25,Male,Dubai,Silver,Store,10 May 2025
753,40,Female,Dubai,Gold,Store,01 April 2023
754,20,Male,Dubai,Silver,Store,05 October 2024
755,30,Male,Abu Dhabi,Gold,Store,13 March 2021
756,20,Female,Sharjah,Gold,Website,12 August 2024
757,18,Male,Abu Dhabi,Silver,MobileApp,21 May 2024
758,20,Male,Dubai,Silver,Store,22 October 2021
759,55,Male,Dubai,Gold,Store,20 June 2021
760,40,Male,Abu Dhabi,Gold,Store,03 September 2021
761,55,Female,Sharjah,Silver,MobileApp,10 March 2024
762,30,Female,Sharjah,Gold,MobileApp,28 June 2025
763,20,Female,Sharjah,Silver,Store,09 September 2022
764,30,Male,Abu Dhabi,Silver,Store,28 August 2021
765,30,Male,Abu Dhabi,Silver,Noon,07 November 2021
766,40,Male,Dubai,Platinum,Store,10 December 2024
767,18,Male,Abu Dhabi,Silver,Website,02 February 2022
768,30,Male,Dubai,Silver,Store,12 July 2023
769,20,Female,Dubai,Gold,Website,03 March 2023
770,25,Female,Abu Dhabi,Silver,Noon,22 January 2021
771,35,Female,Dubai,Silver,Noon,07 January 2024
772,30,Male,Dubai,Silver,MobileApp,24 March 2023
773,25,Female,Dubai,Gold,Store,23 June 2023
774,25,Male,Dubai,Silver,Website,07 February 2025
775,30,Male,Dubai,Gold,Store,27 September 2025
776,40,Female,Dubai,Gold,Noon,12 April 2023
777,45,Female,Dubai,Gold,MobileApp,08 October 2024
778,55,Male,Dubai,Gold,Store,26 October 2024
779,40,Male,Sharjah,Silver,Store,11 November 2023
780,25,Male,Dubai,Silver,Website,22 May 2022
781,35,Female,Dubai,Gold,Noon,09 June 2021
782,25,Male,Abu Dhabi,Platinum,Website,14 January 2023
783,25,Female,Sharjah,Silver,Store,16 October 2024
784,40,Male,Abu Dhabi,Silver,Store,24 March 2023
785,18,Male,Dubai,Silver,Store,29 April 2025
786,50,Male,Abu Dhabi,Silver,Amazon.ae,13 August 2024
787,30,Male,Abu Dhabi,Silver,Noon,07 October 2024
788,35,Male,Abu Dhabi,Silver,Amazon.ae,29 June 2021
789,35,Female,Abu Dhabi,Silver,MobileApp,04 February 2025
790,45,Female,Sharjah,Silver,Website,19 November 2024
791,35,Female,Sharjah,Silver,Website,25 June 2025
792,35,Female,Abu Dhabi,Gold,Website,09 July 2025
793,18,Female,Dubai,Gold,MobileApp,01 August 2021
794,30,Female,Abu Dhabi,Platinum,Store,14 June 2022
795,20,Female,Sharjah,Silver,Website,19 November 2024
796,35,Male,Dubai,Silver,Store,27 January 2021
797,30,Male,Sharjah,Platinum,Store,28 July 2023
798,35,Male,Dubai,Gold,MobileApp,20 May 2023
799,18,Male,Dubai,Silver,Amazon.ae,12 January 2025
800,18,Male,Sharjah,Silver,Website,14 March 2022
801,35,Female,Dubai,Silver,Store,12 October 2021
802,18,Male,Dubai,Silver,Amazon.ae,23 October 2022
803,18,Male,Dubai,Silver,MobileApp,11 October 2022
804,18,Male,Dubai,Platinum,Store,08 July 2021
805,55,Male,Dubai,Silver,Website,22 September 2025
806,35,Male,Dubai,Gold,Store,07 May 2024
807,25,Male,Dubai,Gold,Website,31 January 2024
808,25,Male,Sharjah,Gold,Amazon.ae,24 April 2022
809,25,Male,Sharjah,Gold,Store,26 August 2022
810,40,Female,Dubai,Platinum,Store,12 October 2023
811,35,Female,Abu Dhabi,Silver,Store,01 June 2024
812,20,Male,Dubai,Platinum,Store,01 June 2022
813,20,Male,Dubai,Gold,Store,31 March 2025
814,18,Male,Dubai,Silver,Store,04 January 2025
815,35,Female,Sharjah,Gold,Store,21 March 2025
816,40,Male,Sharjah,Gold,Store,05 July 2023
817,25,Male,Dubai,Platinum,Store,18 August 2021
818,18,Female,Dubai,Silver,Store,19 May 2023
819,18,Male,Dubai,Silver,Website,12 February 2024
820,55,Male,Abu Dhabi,Silver,Website,20 March 2025
821,25,Male,Abu Dhabi,Silver,Store,22 April 2024
822,40,Female,Dubai,Silver,Website,15 October 2025
823,35,Female,Abu Dhabi,Silver,Noon,29 January 2023
824,25,Female,Dubai,Gold,Amazon.ae,03 February 2021
825,20,Male,Sharjah,Silver,Store,23 October 2021
826,20,Male,Abu Dhabi,Silver,MobileApp,29 March 2022
827,35,Female,Dubai,Silver,Store,28 September 2025
828,40,Female,Abu Dhabi,Silver,Store,09 March 2025
829,35,Male,Sharjah,Silver,Store,30 November 2024
830,30,Female,Dubai,Silver,Store,25 February 2024
831,18,Male,Dubai,Silver,Website,22 May 2021
832,55,Male,Sharjah,Silver,Website,10 October 2022
833,40,Female,Dubai,Silver,MobileApp,08 May 2021
834,25,Male,Dubai,Silver,Store,15 April 2023
835,55,Female,Dubai,Silver,Store,06 September 2025
836,35,Male,Sharjah,Silver,Store,14 July 2023
837,30,Male,Abu Dhabi,Silver,Store,31 December 2022
838,35,Female,Sharjah,Gold,Noon,08 July 2025
839,40,Female,Abu Dhabi,Gold,MobileApp,05 October 2024
840,35,Male,Dubai,Silver,Noon,28 March 2025
841,20,Male,Abu Dhabi,Silver,Website,08 April 2022
842,25,Female,Abu Dhabi,Gold,Store,21 June 2024
843,50,Male,Dubai,Silver,Store,18 July 2022
844,20,Female,Dubai,Gold,Website,24 April 2024
845,25,Female,Dubai,Platinum,Store,10 June 2024
846,25,Male,Abu Dhabi,Gold,MobileApp,29 May 2022
847,25,Male,Sharjah,Gold,Website,01 January 2021
848,35,Male,Abu Dhabi,Gold,Store,16 June 2024
849,50,Female,Sharjah,Gold,MobileApp,15 December 2023
850,20,Male,Dubai,Gold,Amazon.ae,27 February 2025
851,20,Male,Sharjah,Gold,Store,22 October 2025
852,20,Male,Sharjah,Gold,Website,28 June 2025
853,45,Female,Dubai,Silver,Store,12 December 2024
854,35,Male,Sharjah,Silver,Website,11 January 2025
855,25,Male,Dubai,Gold,Store,04 December 2021
856,40,Female,Sharjah,Silver,Store,27 June 2023
857,45,Female,Sharjah,Gold,Website,29 March 2023
858,40,Female,Abu Dhabi,Platinum,Store,24 July 2024
859,50,Male,Abu Dhabi,Gold,MobileApp,31 October 2023
860,25,Male,Dubai,Platinum,Amazon.ae,26 September 2024
861,40,Female,Abu Dhabi,Gold,Store,02 February 2024
862,30,Male,Dubai,Silver,MobileApp,11 December 2021
863,40,Female,Abu Dhabi,Gold,Website,25 October 2024
864,35,Female,Abu Dhabi,Silver,Store,04 September 2023
865,40,Male,Sharjah,Silver,Website,02 June 2023
866,35,Female,Dubai,Silver,Website,17 July 2021
867,20,Female,Sharjah,Silver,Website,04 November 2023
868,30,Male,Sharjah,Silver,Amazon.ae,31 August 2025
869,60,Male,Abu Dhabi,Silver,Website,22 May 2023
870,50,Male,Dubai,Gold,Noon,23 September 2024
871,18,Male,Dubai,Gold,Website,26 June 2022
872,20,Male,Dubai,Silver,Store,02 April 2022
873,20,Female,Abu Dhabi,Silver,Website,30 March 2025
874,35,Female,Abu Dhabi,Gold,Store,20 January 2023
875,40,Male,Sharjah,Gold,Website,30 December 2024
876,20,Male,Dubai,Platinum,Website,01 January 2022
877,30,Female,Dubai,Silver,Website,05 February 2022
878,40,Male,Abu Dhabi,Gold,Store,28 July 2022
879,35,Female,Sharjah,Silver,Website,27 April 2022
880,30,Male,Sharjah,Gold,Store,20 April 2021
881,30,Male,Sharjah,Silver,Website,16 October 2023
882,30,Male,Dubai,Silver,MobileApp,10 February 2022
883,25,Female,Abu Dhabi,Silver,Noon,05 November 2021
884,30,Male,Sharjah,Silver,Store,09 June 2021
885,35,Female,Dubai,Silver,Website,24 April 2023
886,45,Male,Dubai,Gold,Website,24 February 2021
887,35,Male,Dubai,Gold,Amazon.ae,31 January 2023
888,40,Male,Dubai,Silver,Website,13 September 2021
889,20,Female,Abu Dhabi,Silver,Store,18 June 2022
890,30,Female,Dubai,Silver,Store,26 February 2022
891,18,Male,Dubai,Platinum,Website,04 August 2023
892,20,Male,Dubai,Silver,MobileApp,27 June 2025
893,35,Male,Abu Dhabi,Silver,Amazon.ae,20 August 2023
894,60,Male,Dubai,Silver,Store,24 March 2023
895,18,Male,Abu Dhabi,Gold,Noon,06 June 2023
896,25,Female,Dubai,Silver,Store,21 September 2021
897,40,Female,Dubai,Silver,Noon,18 January 2023
898,20,Male,Dubai,Gold,Amazon.ae,13 April 2023
899,30,Male,Dubai,Gold,Website,21 August 2021
900,35,Female,Dubai,Gold,MobileApp,11 November 2022
901,35,Female,Dubai,Silver,Store,21 August 2021
902,20,Male,Sharjah,Silver,Store,21 March 2025
903,25,Male,Abu Dhabi,Platinum,Store,05 December 2023
904,40,Male,Dubai,Gold,Store,12 July 2022
905,30,Male,Dubai,Silver,Website,27 August 2025
906,18,Male,Sharjah,Silver,Store,02 July 2023
907,40,Male,Abu Dhabi,Silver,Amazon.ae,12 November 2022
908,18,Female,Dubai,Silver,Store,30 December 2024
909,35,Male,Abu Dhabi,Gold,Website,01 December 2021
910,20,Male,Abu Dhabi,Platinum,Website,08 February 2022
911,55,Male,Abu Dhabi,Silver,Store,02 April 2024
912,25,Female,Dubai,Silver,Store,13 September 2021
913,25,Female,Dubai,Gold,Store,26 December 2023
914,20,Male,Dubai,Silver,MobileApp,17 October 2023
915,25,Male,Sharjah,Platinum,Website,30 July 2023
916,45,Female,Abu Dhabi,Gold,Store,11 February 2023
917,60,Male,Dubai,Platinum,MobileApp,04 August 2023
918,25,Male,Sharjah,Silver,Store,17 January 2024
919,25,Male,Sharjah,Silver,Website,17 June 2024
920,35,Male,Sharjah,Silver,Store,07 November 2021
921,45,Male,Sharjah,Silver,MobileApp,14 May 2025
922,30,Female,Sharjah,Silver,Amazon.ae,13 November 2022
923,25,Female,Dubai,Platinum,MobileApp,05 July 2024
924,25,Male,Sharjah,Gold,Store,01 May 2025
925,35,Female,Sharjah,Gold,Store,18 March 2025
926,18,Male,Dubai,Silver,MobileApp,28 December 2024
927,35,Male,Dubai,Gold,Website,09 May 2021
928,25,Female,Sharjah,Gold,Store,20 February 2023
929,40,Female,Dubai,Silver,MobileApp,22 November 2021
930,18,Male,Sharjah,Platinum,Store,01 March 2023
931,30,Male,Dubai,Silver,Store,17 January 2021
932,30,Female,Dubai,Silver,Amazon.ae,30 November 2022
933,35,Female,Dubai,Silver,Website,06 October 2023
934,18,Female,Dubai,Gold,Store,08 December 2021
935,30,Male,Abu Dhabi,Gold,MobileApp,30 September 2023
936,30,Male,Abu Dhabi,Silver,Amazon.ae,18 April 2023
937,30,Male,Dubai,Silver,Store,20 September 2022
938,35,Male,Dubai,Silver,Website,10 February 2023
939,35,Female,Dubai,Silver,MobileApp,28 May 2023
940,40,Male,Dubai,Silver,Store,26 June 2024
941,25,Male,Abu Dhabi,Silver,Website,11 December 2022
942,40,Female,Dubai,Silver,Store,29 April 2023
943,30,Male,Dubai,Gold,MobileApp,09 January 2023
944,18,Male,Dubai,Silver,MobileApp,26 June 2021
945,18,Female,Dubai,Gold,Store,04 August 2023
946,25,Female,Dubai,Silver,MobileApp,23 December 2021
947,40,Female,Dubai,Silver,MobileApp,10 May 2022
948,35,Male,Sharjah,Silver,Store,04 February 2021
949,40,Female,Sharjah,Silver,Website,01 December 2024
950,30,Female,Sharjah,Silver,Store,29 July 2025
951,25,Male,Dubai,Gold,Amazon.ae,29 March 2023
952,20,Male,Dubai,Platinum,Website,10 January 2021
953,25,Female,Abu Dhabi,Silver,Website,13 September 2023
954,25,Male,Abu Dhabi,Silver,Website,15 September 2025
955,18,Female,Sharjah,Platinum,Website,04 October 2025
956,20,Male,Dubai,Silver,Amazon.ae,15 June 2022
957,30,Male,Dubai,Gold,Website,08 April 2025
958,35,Male,Abu Dhabi,Platinum,Amazon.ae,05 April 2021
959,60,Female,Sharjah,Platinum,Website,30 July 2022
960,50,Male,Sharjah,Silver,Store,26 March 2022
961,35,Male,Abu Dhabi,Silver,Amazon.ae,28 May 2024
962,25,Female,Sharjah,Silver,Website,15 October 2023
963,35,Female,Abu Dhabi,Gold,Website,06 April 2021
964,40,Female,Sharjah,Platinum,Noon,15 May 2023
965,20,Male,Sharjah,Gold,Store,05 November 2024
966,25,Male,Sharjah,Gold,Store,31 October 2022
967,40,Female,Dubai,Gold,Store,26 July 2021
968,25,Female,Dubai,Gold,Website,30 April 2023
969,30,Male,Abu Dhabi,Gold,MobileApp,03 September 2021
970,30,Male,Dubai,Gold,Noon,01 October 2025
971,20,Female,Sharjah,Silver,Website,14 March 2025
972,25,Male,Dubai,Silver,MobileApp,03 June 2023
973,25,Female,Dubai,Gold,Amazon.ae,24 March 2021
974,18,Male,Abu Dhabi,Silver,Website,13 November 2021
975,18,Male,Dubai,Silver,Store,07 October 2022
976,40,Female,Dubai,Gold,Website,03 February 2024
977,25,Male,Dubai,Gold,Noon,05 January 2022
978,30,Male,Abu Dhabi,Platinum,Noon,19 January 2023
979,25,Male,Dubai,Silver,Website,24 May 2025
980,50,Male,Sharjah,Gold,Amazon.ae,16 September 2025
981,25,Female,Dubai,Silver,Store,22 September 2022
982,25,Female,Sharjah,Platinum,Store,29 June 2021
983,45,Female,Dubai,Silver,Noon,25 August 2022
984,40,Male,Dubai,Gold,Store,23 August 2022
985,20,Male,Dubai,Gold,Store,12 January 2024
986,40,Male,Dubai,Silver,Store,05 April 2025
987,30,Female,Abu Dhabi,Platinum,Website,01 July 2025
988,30,Female,Dubai,Gold,Website,21 April 2023
989,20,Female,Dubai,Silver,Store,05 March 2025
990,18,Male,Abu Dhabi,Silver,Amazon.ae,14 December 2021
991,35,Male,Dubai,Silver,Amazon.ae,19 July 2024
992,30,Male,Dubai,Silver,Store,27 November 2021
993,25,Male,Abu Dhabi,Gold,Store,02 September 2022
994,35,Male,Sharjah,Platinum,MobileApp,14 January 2023
995,40,Female,Dubai,Silver,Website,23 July 2022
996,20,Male,Dubai,Silver,Store,12 August 2025
997,35,Male,Sharjah,Silver,Store,24 January 2022
998,20,Male,Dubai,Silver,Store,29 August 2023
999,40,Female,Sharjah,Silver,Store,17 January 2023
1000,35,Female,Dubai,Silver,Website,17 May 2021
1001,55,Female,Sharjah,Silver,Website,16 October 2024
1002,18,Female,Dubai,Gold,MobileApp,09 October 2021
1003,18,Male,Sharjah,Gold,MobileApp,10 May 2024
1004,25,Female,Dubai,Silver,Store,16 October 2023
1005,25,Male,Abu Dhabi,Gold,MobileApp,14 January 2023
1006,20,Male,Dubai,Gold,Store,15 June 2022
1007,50,Female,Dubai,Gold,Website,16 January 2021
1008,20,Female,Abu Dhabi,Silver,MobileApp,02 October 2023
1009,25,Male,Abu Dhabi,Gold,Website,22 July 2022
1010,40,Male,Sharjah,Gold,Website,12 February 2024
1011,25,Male,Dubai,Silver,Website,28 December 2023
1012,40,Male,Sharjah,Silver,Amazon.ae,02 June 2025
1013,18,Male,Dubai,Platinum,Website,30 January 2021
1014,30,Male,Sharjah,Gold,MobileApp,23 March 2025
1015,18,Male,Sharjah,Platinum,Noon,26 October 2022
1016,18,Female,Dubai,Gold,MobileApp,26 September 2023
1017,50,Male,Sharjah,Gold,Website,25 May 2023
1018,20,Male,Sharjah,Silver,Store,22 January 2021
1019,30,Male,Dubai,Silver,Store,25 December 2024
1020,25,Female,Abu Dhabi,Platinum,Website,20 November 2023
1021,25,Male,Dubai,Silver,MobileApp,14 August 2023
1022,45,Male,Sharjah,Silver,Store,30 August 2025
1023,18,Male,Dubai,Gold,Noon,22 October 2022
1024,35,Female,Dubai,Gold,Store,04 December 2024
1025,55,Female,Dubai,Silver,MobileApp,09 December 2023
1026,30,Female,Abu Dhabi,Silver,Store,21 November 2021
1027,50,Female,Sharjah,Silver,Website,20 February 2025
1028,18,Female,Sharjah,Silver,MobileApp,14 August 2024
1029,25,Female,Dubai,Gold,Store,30 June 2021
1030,25,Male,Dubai,Silver,Store,02 May 2021
1031,35,Male,Abu Dhabi,Gold,Website,04 May 2021
1032,60,Female,Abu Dhabi,Gold,Website,16 January 2025
1033,25,Male,Dubai,Gold,MobileApp,23 September 2021
1034,35,Male,Dubai,Silver,Noon,28 January 2021
1035,20,Female,Abu Dhabi,Silver,Store,06 July 2024
1036,30,Male,Dubai,Silver,Website,18 March 2021
1037,30,Female,Abu Dhabi,Silver,Website,08 March 2022
1038,55,Female,Abu Dhabi,Gold,Noon,29 May 2023
1039,35,Male,Sharjah,Silver,Amazon.ae,26 September 2025
1040,25,Female,Abu Dhabi,Gold,MobileApp,13 June 2023
1041,20,Male,Dubai,Silver,Website,25 November 2023
1042,20,Male,Sharjah,Silver,Store,12 March 2022
1043,20,Male,Abu Dhabi,Platinum,Store,12 February 2024
1044,25,Female,Dubai,Silver,Website,22 December 2023
1045,45,Female,Abu Dhabi,Silver,MobileApp,21 February 2021
1046,30,Male,Dubai,Silver,Website,26 April 2021
1047,30,Female,Sharjah,Silver,MobileApp,16 February 2021
1048,20,Male,Dubai,Gold,Store,14 March 2022
1049,45,Female,Abu Dhabi,Silver,MobileApp,06 December 2024
1050,35,Male,Dubai,Silver,Store,11 April 2021
1051,18,Female,Dubai,Silver,Store,26 July 2024
1052,35,Male,Sharjah,Platinum,Store,17 April 2021
1053,30,Male,Sharjah,Silver,Amazon.ae,10 September 2023
1054,18,Male,Dubai,Silver,Store,25 November 2023
1055,30,Female,Dubai,Silver,MobileApp,28 September 2023
1056,30,Male,Dubai,Silver,Store,25 December 2021
1057,20,Female,Abu Dhabi,Silver,Website,06 June 2023
1058,50,Male,Abu Dhabi,Silver,Amazon.ae,11 March 2023
1059,40,Male,Abu Dhabi,Silver,Website,23 October 2023
1060,35,Male,Abu Dhabi,Silver,Store,24 February 2025
1061,30,Female,Sharjah,Silver,Store,19 July 2024
1062,25,Male,Dubai,Platinum,Amazon.ae,13 March 2024
1063,35,Female,Dubai,Gold,Store,11 March 2022
1064,30,Female,Abu Dhabi,Silver,Website,14 January 2025
1065,18,Female,Sharjah,Silver,Website,27 August 2022
1066,30,Male,Abu Dhabi,Gold,Store,23 October 2025
1067,40,Female,Abu Dhabi,Gold,Store,20 July 2022
1068,30,Female,Abu Dhabi,Silver,Website,05 July 2023
1069,18,Male,Sharjah,Gold,MobileApp,16 August 2021
1070,40,Female,Dubai,Silver,Store,29 June 2022
1071,20,Male,Dubai,Silver,MobileApp,22 May 2024
1072,25,Male,Sharjah,Platinum,Amazon.ae,10 October 2022
1073,20,Male,Sharjah,Gold,Amazon.ae,05 September 2021
1074,25,Male,Dubai,Gold,Store,02 December 2024
1075,40,Male,Dubai,Silver,Store,13 December 2023
1076,30,Male,Dubai,Silver,Amazon.ae,19 May 2025
1077,20,Female,Dubai,Gold,Store,10 November 2021
1078,45,Male,Sharjah,Silver,Store,29 October 2024
1079,45,Male,Dubai,Silver,Amazon.ae,06 February 2021
1080,45,Male,Sharjah,Silver,Store,25 December 2022
1081,20,Female,Dubai,Silver,Store,28 March 2025
1082,30,Female,Abu Dhabi,Silver,Store,07 September 2023
1083,60,Female,Dubai,Gold,MobileApp,25 March 2021
1084,40,Female,Abu Dhabi,Platinum,Store,19 June 2023
1085,18,Male,Abu Dhabi,Silver,Amazon.ae,23 January 2024
1086,18,Female,Abu Dhabi,Gold,Website,09 December 2024
1087,30,Male,Dubai,Silver,Website,27 September 2024
1088,50,Male,Dubai,Platinum,Store,20 December 2022
1089,30,Female,Dubai,Silver,Store,04 July 2022
1090,30,Male,Dubai,Gold,Website,15 December 2024
1091,20,Female,Abu Dhabi,Gold,Store,03 October 2024
1092,35,Female,Abu Dhabi,Silver,Amazon.ae,16 December 2022
1093,40,Male,Abu Dhabi,Silver,Website,10 August 2022
1094,25,Male,Abu Dhabi,Platinum,Website,26 February 2024
1095,40,Male,Dubai,Silver,Store,01 June 2021
1096,55,Female,Dubai,Gold,MobileApp,26 March 2025
1097,20,Female,Dubai,Platinum,Store,28 November 2023
1098,30,Male,Sharjah,Silver,Store,21 December 2024
1099,25,Male,Abu Dhabi,Gold,Amazon.ae,03 February 2024
1100,40,Female,Dubai,Platinum,Website,14 June 2021
1101,30,Female,Dubai,Gold,Website,27 July 2023
1102,35,Male,Sharjah,Silver,Website,17 April 2025
1103,40,Male,Abu Dhabi,Silver,MobileApp,31 July 2021
1104,25,Female,Abu Dhabi,Silver,Store,10 June 2022
1105,50,Male,Dubai,Gold,Store,12 January 2023
1106,30,Male,Dubai,Gold,MobileApp,12 May 2021
1107,20,Female,Sharjah,Gold,Store,21 March 2024
1108,35,Female,Abu Dhabi,Silver,MobileApp,06 April 2021
1109,40,Male,Dubai,Silver,Store,07 March 2025
1110,25,Male,Sharjah,Gold,Store,10 October 2023
1111,45,Male,Abu Dhabi,Gold,Store,06 June 2022
1112,50,Male,Dubai,Platinum,Website,09 January 2022
1113,25,Female,Dubai,Gold,Website,06 November 2023
1114,60,Male,Dubai,Gold,Store,30 August 2025
1115,20,Female,Dubai,Gold,Store,31 August 2022
1116,20,Female,Abu Dhabi,Gold,Amazon.ae,18 January 2021
1117,20,Male,Dubai,Silver,Store,03 December 2024
1118,45,Male,Sharjah,Platinum,MobileApp,28 October 2023
1119,35,Male,Sharjah,Gold,Amazon.ae,16 September 2025
1120,20,Female,Dubai,Silver,Noon,22 June 2024
1121,25,Female,Dubai,Silver,Amazon.ae,05 September 2023
1122,35,Male,Sharjah,Silver,Store,29 May 2023
1123,18,Female,Abu Dhabi,Silver,Noon,17 August 2022
1124,45,Female,Abu Dhabi,Silver,MobileApp,05 October 2022
1125,40,Female,Dubai,Silver,MobileApp,09 May 2021
1126,30,Male,Dubai,Silver,Store,12 March 2023
1127,55,Male,Abu Dhabi,Silver,Noon,31 March 2022
1128,25,Female,Sharjah,Gold,MobileApp,29 May 2025
1129,60,Male,Dubai,Silver,MobileApp,26 May 2023
1130,35,Male,Sharjah,Silver,Store,25 July 2022
1131,35,Male,Dubai,Silver,Store,01 January 2024
1132,20,Male,Sharjah,Silver,Noon,11 October 2023
1133,45,Male,Abu Dhabi,Silver,Website,29 March 2024
1134,25,Female,Dubai,Gold,Store,16 January 2024
1135,20,Male,Abu Dhabi,Gold,MobileApp,05 February 2022
1136,18,Male,Dubai,Silver,Store,07 April 2022
1137,30,Female,Dubai,Gold,Store,02 April 2025
1138,30,Male,Dubai,Silver,Store,30 March 2021
1139,35,Male,Dubai,Platinum,Store,12 August 2025
1140,45,Female,Dubai,Platinum,Store,03 April 2023
1141,18,Female,Abu Dhabi,Silver,Store,06 January 2021
1142,35,Female,Abu Dhabi,Gold,Store,08 June 2025
1143,20,Female,Dubai,Gold,Website,03 August 2023
1144,45,Male,Sharjah,Gold,Amazon.ae,25 March 2021
1145,40,Female,Abu Dhabi,Gold,Website,27 June 2024
1146,30,Male,Sharjah,Platinum,Store,17 August 2025
1147,35,Female,Abu Dhabi,Silver,Store,10 December 2024
1148,25,Male,Dubai,Gold,MobileApp,01 January 2024
1149,30,Female,Dubai,Gold,Noon,13 September 2022
1150,40,Female,Abu Dhabi,Gold,Store,10 February 2024
1151,30,Female,Dubai,Gold,Store,21 June 2021
1152,25,Male,Dubai,Silver,Website,30 November 2022
1153,30,Male,Dubai,Silver,MobileApp,30 September 2021
1154,40,Female,Dubai,Silver,Website,14 June 2022
1155,25,Female,Dubai,Silver,Website,31 August 2025
1156,20,Male,Dubai,Silver,MobileApp,15 November 2021
1157,35,Female,Dubai,Platinum,Noon,11 January 2024
1158,40,Female,Abu Dhabi,Gold,Store,04 January 2024
1159,20,Male,Abu Dhabi,Gold,Noon,05 March 2022
1160,20,Female,Dubai,Silver,Store,23 January 2025
1161,20,Male,Dubai,Gold,MobileApp,27 April 2023
1162,25,Male,Dubai,Gold,Website,01 October 2024
1163,30,Male,Dubai,Gold,Website,06 September 2021
1164,35,Female,Dubai,Silver,Website,25 July 2025
1165,35,Female,Dubai,Silver,Store,22 January 2022
1166,35,Male,Abu Dhabi,Gold,Store,03 October 2025
1167,25,Female,Abu Dhabi,Silver,Website,29 December 2021
1168,40,Female,Dubai,Platinum,Website,12 August 2024
1169,30,Female,Dubai,Gold,Store,09 March 2021
1170,55,Male,Abu Dhabi,Platinum,Amazon.ae,14 March 2022
1171,35,Female,Sharjah,Gold,Store,13 October 2023
1172,20,Male,Abu Dhabi,Platinum,Store,05 April 2025
1173,35,Male,Abu Dhabi,Gold,Store,17 June 2025
1174,25,Male,Dubai,Silver,Website,02 March 2024
1175,35,Male,Dubai,Silver,Store,11 August 2024
1176,18,Female,Sharjah,Silver,Website,23 October 2021
1177,20,Male,Dubai,Silver,Store,09 October 2022
1178,45,Female,Sharjah,Silver,Store,02 February 2021
1179,20,Male,Abu Dhabi,Silver,MobileApp,29 October 2024
1180,40,Male,Abu Dhabi,Gold,Website,01 February 2021
1181,25,Female,Dubai,Silver,Store,09 July 2022
1182,35,Female,Abu Dhabi,Silver,Store,01 November 2021
1183,35,Male,Dubai,Gold,Amazon.ae,04 March 2023
1184,30,Male,Dubai,Gold,Store,06 February 2024
1185,25,Male,Dubai,Platinum,Amazon.ae,06 April 2021
1186,20,Male,Sharjah,Gold,Website,26 December 2023
1187,18,Female,Abu Dhabi,Silver,Store,05 June 2022
1188,25,Female,Dubai,Silver,MobileApp,18 August 2021
1189,35,Male,Dubai,Silver,Amazon.ae,03 January 2023
1190,50,Female,Abu Dhabi,Silver,Store,24 December 2021
1191,45,Female,Abu Dhabi,Silver,Store,06 February 2022
1192,40,Male,Abu Dhabi,Platinum,Store,01 March 2023
1193,40,Male,Abu Dhabi,Silver,Amazon.ae,09 April 2021
1194,35,Female,Dubai,Silver,Website,28 September 2021
1195,25,Female,Abu Dhabi,Silver,Store,28 December 2021
1196,50,Male,Dubai,Gold,Store,02 April 2024
1197,35,Male,Sharjah,Silver,Store,12 June 2022
1198,30,Male,Abu Dhabi,Silver,Store,07 April 2024
1199,20,Female,Dubai,Silver,Store,11 November 2023
1200,25,Male,Dubai,Silver,Website,24 June 2022
1201,30,Male,Sharjah,Silver,Store,18 August 2022
1202,45,Female,Dubai,Silver,Store,13 April 2023
1203,30,Female,Dubai,Silver,Website,01 February 2022
1204,25,Female,Abu Dhabi,Gold,Store,26 November 2023
1205,55,Male,Dubai,Silver,Store,10 May 2022
1206,20,Male,Abu Dhabi,Gold,Store,10 November 2021
1207,25,Male,Dubai,Silver,Store,05 May 2022
1208,18,Male,Abu Dhabi,Silver,MobileApp,23 July 2024
1209,35,Female,Dubai,Silver,Website,21 August 2021
1210,50,Male,Dubai,Silver,Store,28 June 2025
1211,25,Male,Sharjah,Silver,Store,30 December 2024
1212,45,Male,Abu Dhabi,Silver,Store,27 October 2023
1213,25,Male,Dubai,Gold,Website,08 April 2025
1214,50,Female,Dubai,Gold,Website,02 September 2025
1215,40,Male,Abu Dhabi,Gold,Website,26 October 2022
1216,40,Male,Abu Dhabi,Silver,Store,01 September 2021
1217,18,Male,Sharjah,Gold,Store,29 August 2021
1218,55,Male,Sharjah,Silver,MobileApp,12 July 2022
1219,35,Male,Abu Dhabi,Gold,Amazon.ae,20 July 2024
1220,25,Female,Dubai,Silver,Amazon.ae,16 March 2021
1221,40,Female,Dubai,Silver,Store,10 October 2021
1222,25,Female,Abu Dhabi,Gold,MobileApp,28 September 2025
1223,45,Female,Dubai,Gold,MobileApp,08 April 2025
1224,20,Female,Dubai,Silver,Amazon.ae,28 March 2021
1225,35,Female,Dubai,Silver,Store,31 May 2023
1226,30,Male,Dubai,Silver,MobileApp,15 July 2025
1227,18,Male,Dubai,Platinum,Store,19 July 2023
1228,20,Male,Dubai,Silver,Website,18 March 2024
1229,18,Female,Abu Dhabi,Platinum,Store,19 March 2024
1230,30,Female,Dubai,Silver,MobileApp,20 May 2025
1231,25,Female,Dubai,Silver,Amazon.ae,09 June 2021
1232,30,Male,Dubai,Gold,Store,22 March 2022
1233,25,Female,Abu Dhabi,Silver,Website,23 March 2021
1234,25,Male,Dubai,Silver,Store,28 October 2023
1235,35,Male,Abu Dhabi,Silver,Store,01 July 2021
1236,18,Male,Sharjah,Gold,Store,20 May 2023
1237,50,Male,Dubai,Gold,Store,24 August 2023
1238,45,Male,Dubai,Gold,Amazon.ae,30 March 2025
1239,35,Male,Dubai,Gold,Store,23 April 2022
1240,30,Male,Sharjah,Gold,Website,02 July 2021
1241,45,Female,Abu Dhabi,Silver,Amazon.ae,30 August 2024
1242,20,Female,Sharjah,Silver,Amazon.ae,29 April 2025
1243,18,Female,Dubai,Gold,MobileApp,23 June 2021
1244,20,Male,Sharjah,Platinum,Store,14 January 2021
1245,40,Female,Dubai,Silver,MobileApp,16 August 2024
1246,18,Female,Dubai,Silver,Store,14 March 2021
1247,30,Male,Sharjah,Silver,Amazon.ae,25 October 2025
1248,60,Male,Sharjah,Silver,MobileApp,29 May 2022
1249,45,Male,Dubai,Silver,MobileApp,12 October 2025
1250,30,Male,Dubai,Gold,Store,25 August 2022
1251,18,Female,Dubai,Silver,Website,09 December 2021
1252,40,Female,Dubai,Gold,MobileApp,20 November 2024
1253,30,Male,Dubai,Gold,Amazon.ae,29 November 2021
1254,20,Female,Sharjah,Platinum,Store,21 December 2021
1255,18,Female,Abu Dhabi,Silver,Amazon.ae,02 May 2025
1256,50,Female,Abu Dhabi,Silver,Store,27 April 2023
1257,35,Male,Abu Dhabi,Silver,Website,12 June 2021
1258,40,Female,Abu Dhabi,Silver,Website,26 April 2021
1259,45,Male,Abu Dhabi,Silver,Store,27 November 2024
1260,30,Female,Abu Dhabi,Gold,Store,08 January 2024
1261,30,Male,Dubai,Silver,MobileApp,10 January 2025
1262,25,Male,Abu Dhabi,Platinum,Store,29 October 2023
1263,25,Female,Abu Dhabi,Gold,Store,13 November 2023
1264,25,Male,Sharjah,Gold,MobileApp,02 March 2023
1265,40,Male,Sharjah,Gold,MobileApp,27 June 2022
1266,35,Male,Dubai,Silver,Website,18 February 2022
1267,45,Female,Abu Dhabi,Gold,Store,13 November 2022
1268,25,Male,Dubai,Silver,Store,04 October 2022
1269,35,Female,Abu Dhabi,Gold,MobileApp,03 December 2024
1270,35,Male,Dubai,Silver,Website,31 October 2022
1271,30,Male,Dubai,Silver,Website,22 January 2021
1272,35,Male,Dubai,Silver,MobileApp,20 July 2025
1273,20,Male,Abu Dhabi,Silver,Store,27 November 2024
1274,30,Male,Dubai,Silver,Store,27 August 2023
1275,20,Male,Sharjah,Silver,Amazon.ae,01 September 2025
1276,25,Female,Dubai,Gold,Website,29 August 2025
1277,30,Female,Sharjah,Silver,Website,26 March 2024
1278,35,Male,Abu Dhabi,Silver,Amazon.ae,26 November 2021
1279,55,Male,Dubai,Silver,Amazon.ae,12 November 2023
1280,35,Female,Dubai,Silver,Website,04 February 2025
1281,35,Male,Abu Dhabi,Silver,Store,11 July 2024
1282,30,Male,Abu Dhabi,Gold,Noon,19 August 2024
1283,35,Female,Abu Dhabi,Silver,Website,21 June 2023
1284,18,Female,Dubai,Silver,Store,25 December 2022
1285,25,Female,Dubai,Silver,Website,28 January 2025
1286,25,Male,Sharjah,Silver,Store,02 April 2024
1287,30,Male,Dubai,Silver,Amazon.ae,05 March 2024
1288,18,Female,Dubai,Gold,Website,09 September 2021
1289,20,Male,Dubai,Silver,MobileApp,24 July 2021
1290,25,Male,Abu Dhabi,Silver,MobileApp,18 August 2024
1291,55,Male,Abu Dhabi,Gold,MobileApp,19 June 2024
1292,25,Male,Dubai,Silver,MobileApp,12 April 2023
1293,30,Female,Dubai,Gold,Amazon.ae,02 March 2023
1294,20,Female,Dubai,Silver,Store,21 December 2023
1295,35,Female,Dubai,Silver,Store,10 April 2022
1296,25,Male,Dubai,Gold,MobileApp,18 August 2024
1297,20,Male,Sharjah,Silver,Website,04 February 2025
1298,30,Male,Dubai,Gold,Store,29 January 2022
1299,18,Male,Dubai,Silver,Store,19 June 2025
1300,18,Female,Sharjah,Gold,Store,18 October 2023
1301,20,Male,Dubai,Gold,MobileApp,22 October 2022
1302,18,Male,Abu Dhabi,Gold,MobileApp,01 July 2023
1303,20,Male,Dubai,Gold,Store,06 July 2024
1304,25,Female,Dubai,Gold,MobileApp,15 April 2025
1305,40,Male,Sharjah,Silver,Store,14 June 2022
1306,30,Male,Abu Dhabi,Silver,MobileApp,25 April 2024
1307,30,Male,Dubai,Silver,Website,20 May 2024
1308,25,Female,Abu Dhabi,Silver,MobileApp,25 November 2023
1309,50,Male,Sharjah,Gold,Store,16 March 2024
1310,25,Female,Dubai,Silver,Store,29 July 2024
1311,18,Female,Abu Dhabi,Silver,MobileApp,20 April 2025
1312,35,Male,Sharjah,Gold,Store,31 May 2025
1313,20,Female,Dubai,Silver,Noon,27 May 2025
1314,25,Male,Abu Dhabi,Silver,Website,26 June 2024
1315,30,Female,Abu Dhabi,Silver,Store,26 February 2021
1316,45,Male,Abu Dhabi,Silver,Website,21 August 2024
1317,30,Male,Dubai,Gold,Store,06 June 2022
1318,35,Male,Dubai,Silver,Website,15 October 2025
1319,60,Male,Abu Dhabi,Silver,Noon,27 December 2021
1320,20,Female,Dubai,Gold,Store,14 June 2024
1321,25,Male,Dubai,Silver,MobileApp,22 August 2021
1322,25,Female,Dubai,Gold,Store,11 August 2021
1323,25,Male,Dubai,Gold,Website,28 June 2025
1324,25,Female,Sharjah,Silver,Store,23 November 2021
1325,50,Male,Dubai,Silver,Website,27 January 2024
1326,35,Male,Sharjah,Silver,Noon,03 June 2024
1327,35,Male,Dubai,Gold,Store,24 October 2025
1328,25,Female,Abu Dhabi,Silver,Website,16 April 2023
1329,40,Male,Dubai,Silver,Website,04 May 2022
1330,55,Male,Abu Dhabi,Gold,Website,23 April 2022
1331,40,Male,Abu Dhabi,Silver,Website,12 September 2023
1332,18,Female,Dubai,Silver,Website,19 September 2024
1333,35,Male,Sharjah,Gold,Store,03 March 2023
1334,18,Female,Dubai,Silver,Amazon.ae,28 April 2025
1335,25,Male,Abu Dhabi,Gold,MobileApp,27 May 2022
1336,18,Female,Sharjah,Gold,Store,10 October 2023
1337,35,Female,Sharjah,Silver,Store,17 January 2022
1338,35,Male,Sharjah,Platinum,MobileApp,17 December 2024
1339,20,Male,Dubai,Silver,Noon,03 October 2024
1340,25,Male,Dubai,Platinum,Noon,22 March 2024
1341,30,Male,Dubai,Silver,Amazon.ae,28 March 2022
1342,25,Male,Abu Dhabi,Silver,Store,06 August 2024
1343,20,Female,Abu Dhabi,Silver,Amazon.ae,26 October 2025
1344,25,Male,Dubai,Silver,Amazon.ae,17 February 2024
1345,40,Female,Abu Dhabi,Gold,Store,02 August 2021
1346,18,Male,Dubai,Gold,Store,19 July 2022
1347,18,Female,Dubai,Gold,Website,02 January 2023
1348,25,Male,Abu Dhabi,Silver,Website,15 March 2022
1349,50,Male,Dubai,Silver,Store,25 January 2023
1350,35,Male,Sharjah,Gold,Store,08 May 2025
1351,35,Male,Dubai,Silver,Store,21 September 2022
1352,25,Male,Abu Dhabi,Gold,Store,22 June 2023
1353,30,Female,Dubai,Gold,Store,10 January 2025
1354,18,Female,Dubai,Silver,MobileApp,02 December 2023
1355,35,Male,Abu Dhabi,Gold,Store,30 January 2022
1356,50,Male,Sharjah,Gold,Amazon.ae,04 September 2021
1357,35,Male,Dubai,Gold,Amazon.ae,24 June 2023
1358,45,Male,Dubai,Silver,Amazon.ae,07 August 2024
1359,35,Male,Abu Dhabi,Silver,MobileApp,05 September 2021
1360,20,Female,Dubai,Silver,Store,25 June 2025
1361,50,Female,Sharjah,Silver,Store,22 August 2022
1362,18,Female,Abu Dhabi,Silver,Store,15 May 2023
1363,30,Male,Dubai,Gold,Noon,12 January 2025
1364,20,Female,Dubai,Gold,Store,25 March 2021
1365,18,Female,Abu Dhabi,Silver,Website,12 February 2023
1366,25,Male,Dubai,Silver,MobileApp,29 May 2024
1367,25,Male,Abu Dhabi,Platinum,Amazon.ae,17 August 2025
1368,30,Female,Dubai,Silver,MobileApp,20 February 2021
1369,30,Male,Abu Dhabi,Gold,Website,04 July 2022
1370,18,Male,Dubai,Platinum,Website,10 February 2023
1371,20,Male,Sharjah,Gold,Website,08 September 2023
1372,30,Female,Dubai,Platinum,Store,25 April 2024
1373,25,Male,Dubai,Gold,Amazon.ae,29 March 2025
1374,35,Female,Sharjah,Silver,Website,31 May 2024
1375,35,Female,Dubai,Silver,Store,10 April 2022
1376,40,Female,Dubai,Silver,Amazon.ae,23 February 2022
1377,35,Male,Dubai,Silver,Website,28 March 2021
1378,25,Female,Dubai,Gold,Amazon.ae,16 September 2021
1379,35,Male,Sharjah,Silver,Amazon.ae,19 April 2024
1380,25,Male,Abu Dhabi,Gold,MobileApp,07 November 2021
1381,25,Male,Dubai,Silver,Store,22 June 2021
1382,40,Male,Abu Dhabi,Silver,Store,07 September 2024
1383,25,Female,Abu Dhabi,Platinum,Amazon.ae,27 September 2025
1384,40,Male,Sharjah,Silver,Amazon.ae,25 September 2024
1385,40,Male,Dubai,Gold,Website,28 February 2025
1386,45,Male,Abu Dhabi,Gold,Store,22 June 2024
1387,50,Female,Abu Dhabi,Silver,Store,29 July 2023
1388,25,Female,Dubai,Silver,Noon,20 May 2022
1389,25,Female,Dubai,Silver,Store,25 November 2021
1390,30,Male,Dubai,Gold,Store,15 July 2021
1391,25,Male,Abu Dhabi,Gold,Website,03 March 2021
1392,35,Female,Dubai,Silver,Store,15 November 2023
1393,35,Male,Sharjah,Gold,Amazon.ae,07 May 2025
1394,35,Male,Dubai,Silver,Store,16 July 2022
1395,25,Female,Abu Dhabi,Gold,Store,02 November 2024
1396,20,Male,Sharjah,Gold,Website,16 June 2023
1397,25,Female,Abu Dhabi,Gold,Website,11 August 2024
1398,20,Male,Sharjah,Gold,Store,12 December 2023
1399,45,Male,Sharjah,Silver,Website,24 April 2023
1400,25,Male,Dubai,Platinum,Store,09 February 2021
1401,20,Male,Abu Dhabi,Silver,Amazon.ae,15 May 2025
1402,18,Female,Dubai,Gold,Store,29 December 2022
1403,35,Female,Abu Dhabi,Silver,Noon,02 April 2022
1404,35,Male,Dubai,Platinum,Website,28 May 2023
1405,25,Male,Abu Dhabi,Gold,Store,29 September 2025
1406,18,Female,Abu Dhabi,Gold,Store,27 February 2023
1407,25,Female,Dubai,Silver,Website,02 January 2021
1408,25,Male,Dubai,Gold,Store,01 February 2025
1409,35,Male,Sharjah,Gold,Store,04 February 2024
1410,35,Male,Dubai,Gold,Store,04 August 2021
1411,25,Female,Dubai,Silver,Website,16 February 2023
1412,20,Female,Dubai,Silver,Website,10 November 2022
1413,60,Male,Sharjah,Silver,Store,18 February 2022
1414,30,Female,Sharjah,Silver,Website,29 July 2021
1415,35,Male,Abu Dhabi,Silver,MobileApp,18 December 2023
1416,20,Male,Sharjah,Silver,Store,12 February 2021
1417,30,Male,Dubai,Silver,Amazon.ae,18 May 2021
1418,18,Female,Sharjah,Silver,Website,03 July 2025
1419,30,Male,Dubai,Silver,Noon,21 February 2025
1420,55,Male,Dubai,Platinum,Store,03 May 2025
1421,25,Male,Dubai,Silver,Noon,30 September 2022
1422,18,Male,Abu Dhabi,Silver,Website,14 April 2022
1423,18,Male,Abu Dhabi,Silver,Website,27 December 2022
1424,25,Female,Dubai,Gold,Website,22 July 2025
1425,20,Male,Sharjah,Platinum,Store,13 November 2024
1426,18,Female,Dubai,Silver,Amazon.ae,06 May 2024
1427,40,Male,Dubai,Silver,Website,21 July 2021
1428,30,Male,Dubai,Platinum,Store,11 July 2021
1429,25,Male,Abu Dhabi,Silver,Store,17 April 2021
1430,50,Male,Sharjah,Silver,Store,26 September 2025
1431,20,Male,Dubai,Silver,Website,23 November 2021
1432,55,Male,Abu Dhabi,Silver,Website,20 January 2023
1433,25,Female,Dubai,Platinum,Website,06 October 2022
1434,45,Female,Abu Dhabi,Silver,Store,23 December 2021
1435,35,Male,Sharjah,Platinum,Website,18 August 2022
1436,40,Male,Dubai,Platinum,Website,16 May 2022
1437,60,Male,Sharjah,Silver,Store,31 July 2024
1438,25,Male,Abu Dhabi,Silver,Store,13 April 2022
1439,55,Male,Dubai,Silver,Store,23 May 2022
1440,25,Female,Sharjah,Silver,Amazon.ae,24 October 2025
1441,25,Male,Dubai,Silver,MobileApp,16 April 2021
1442,25,Male,Dubai,Gold,Noon,10 August 2024
1443,30,Male,Dubai,Silver,Store,26 December 2023
1444,20,Male,Dubai,Platinum,Amazon.ae,14 July 2021
1445,30,Female,Sharjah,Silver,Website,26 April 2024
1446,30,Male,Abu Dhabi,Gold,Website,16 February 2021
1447,40,Male,Sharjah,Gold,Store,17 October 2024
1448,40,Female,Dubai,Silver,MobileApp,06 October 2023
1449,25,Male,Dubai,Silver,Amazon.ae,21 June 2022
1450,25,Female,Dubai,Silver,Store,21 May 2025
1451,25,Female,Abu Dhabi,Silver,Store,19 February 2025
1452,20,Male,Sharjah,Silver,Website,27 April 2023
1453,18,Female,Abu Dhabi,Silver,Noon,22 May 2025
1454,25,Male,Dubai,Silver,MobileApp,10 December 2022
1455,25,Male,Sharjah,Platinum,Store,23 June 2024
1456,55,Male,Abu Dhabi,Silver,Store,19 March 2023
1457,30,Male,Dubai,Silver,Store,04 September 2022
1458,25,Female,Sharjah,Silver,Amazon.ae,16 April 2024
1459,30,Female,Dubai,Silver,MobileApp,25 April 2021
1460,20,Female,Dubai,Silver,Website,11 November 2022
1461,25,Female,Dubai,Platinum,Store,23 September 2022
1462,35,Male,Dubai,Silver,Amazon.ae,03 April 2024
1463,30,Male,Dubai,Silver,Website,07 August 2021
1464,25,Male,Dubai,Silver,Noon,16 July 2021
1465,60,Male,Dubai,Silver,Website,05 February 2022
1466,45,Male,Abu Dhabi,Silver,MobileApp,19 January 2023
1467,35,Female,Sharjah,Gold,MobileApp,12 November 2022
1468,30,Male,Abu Dhabi,Silver,Store,17 March 2021
1469,35,Male,Dubai,Silver,Noon,20 December 2024
1470,20,Male,Dubai,Gold,Store,14 October 2021
1471,25,Female,Dubai,Silver,MobileApp,18 April 2025
1472,18,Female,Dubai,Silver,Noon,15 August 2024
1473,30,Female,Abu Dhabi,Platinum,Store,11 May 2023
1474,30,Male,Abu Dhabi,Silver,Website,12 January 2023
1475,20,Female,Abu Dhabi,Gold,Website,27 September 2025
1476,55,Male,Abu Dhabi,Silver,MobileApp,21 October 2021
1477,50,Female,Dubai,Silver,Amazon.ae,20 March 2023
1478,35,Male,Dubai,Silver,Website,05 June 2023
1479,30,Male,Abu Dhabi,Silver,MobileApp,10 January 2025
1480,45,Male,Dubai,Silver,Store,18 February 2022
1481,20,Female,Dubai,Silver,Store,07 March 2022
1482,40,Male,Dubai,Gold,Store,07 June 2024
1483,20,Female,Dubai,Gold,Website,25 January 2024
1484,40,Male,Dubai,Silver,Store,02 January 2025
1485,25,Male,Sharjah,Silver,Website,20 June 2021
1486,45,Male,Sharjah,Gold,Store,02 September 2024
1487,50,Male,Dubai,Gold,MobileApp,28 June 2022
1488,20,Male,Dubai,Silver,Store,23 February 2025
1489,30,Male,Abu Dhabi,Gold,Website,12 November 2024
1490,60,Female,Dubai,Silver,Website,16 September 2023
1491,30,Male,Dubai,Silver,Amazon.ae,30 April 2025
1492,45,Female,Dubai,Silver,MobileApp,13 March 2021
1493,30,Female,Dubai,Gold,MobileApp,20 October 2023
1494,25,Female,Abu Dhabi,Platinum,Amazon.ae,16 June 2022
1495,25,Male,Sharjah,Platinum,Website,27 August 2021
1496,20,Male,Dubai,Silver,Store,12 December 2022
1497,40,Male,Dubai,Platinum,Amazon.ae,31 July 2022
1498,25,Female,Dubai,Silver,MobileApp,20 September 2025
1499,30,Female,Dubai,Silver,Store,18 January 2024
1500,30,Male,Sharjah,Silver,MobileApp,14 December 2022
1501,30,Male,Abu Dhabi,Silver,Amazon.ae,08 April 2025
1502,45,Female,Abu Dhabi,Gold,Noon,04 October 2022
1503,60,Male,Abu Dhabi,Silver,Noon,23 March 2024
1504,25,Female,Sharjah,Platinum,Store,13 August 2022
1505,40,Male,Sharjah,Silver,Store,09 July 2021
1506,40,Female,Dubai,Silver,Store,23 March 2023
1507,30,Male,Dubai,Platinum,Store,09 December 2024
1508,55,Male,Abu Dhabi,Silver,Amazon.ae,23 March 2024
1509,20,Female,Dubai,Gold,Store,12 October 2023
1510,20,Female,Sharjah,Gold,Website,17 September 2022
1511,45,Male,Abu Dhabi,Silver,Website,24 September 2024
1512,25,Male,Sharjah,Gold,MobileApp,21 September 2022
1513,40,Female,Dubai,Silver,Store,21 March 2025
1514,45,Female,Sharjah,Gold,Store,08 June 2023
1515,18,Female,Dubai,Silver,Store,25 November 2023
1516,45,Female,Sharjah,Silver,Store,23 February 2023
1517,25,Male,Dubai,Silver,Noon,02 November 2022
1518,30,Male,Abu Dhabi,Silver,MobileApp,23 December 2022
1519,35,Female,Abu Dhabi,Gold,Website,10 June 2022
1520,50,Female,Dubai,Platinum,Amazon.ae,21 June 2022
1521,18,Male,Dubai,Gold,Store,27 April 2023
1522,30,Male,Sharjah,Silver,MobileApp,26 May 2024
1523,35,Female,Dubai,Platinum,Store,01 July 2024
1524,35,Male,Abu Dhabi,Silver,MobileApp,23 September 2023
1525,35,Male,Dubai,Silver,Website,11 May 2024
1526,20,Male,Sharjah,Silver,Store,30 January 2024
1527,25,Female,Abu Dhabi,Silver,Store,16 October 2024
1528,25,Female,Dubai,Gold,Store,01 October 2025
1529,40,Male,Dubai,Silver,MobileApp,03 July 2023
1530,25,Female,Abu Dhabi,Silver,Store,27 June 2021
1531,20,Female,Dubai,Gold,Website,03 October 2021
1532,55,Male,Dubai,Platinum,MobileApp,08 November 2021
1533,18,Female,Abu Dhabi,Gold,Website,24 July 2025
1534,60,Male,Dubai,Silver,MobileApp,04 December 2024
1535,35,Male,Dubai,Gold,Store,02 March 2023
1536,40,Male,Abu Dhabi,Silver,Website,04 August 2024
1537,25,Male,Dubai,Silver,Amazon.ae,04 August 2025
1538,18,Male,Dubai,Platinum,Website,29 March 2025
1539,35,Female,Dubai,Platinum,Website,25 November 2024
1540,40,Female,Abu Dhabi,Gold,MobileApp,25 May 2024
1541,35,Female,Abu Dhabi,Silver,Store,29 November 2022
1542,20,Male,Abu Dhabi,Gold,MobileApp,02 February 2025
1543,40,Male,Dubai,Platinum,Amazon.ae,27 January 2021
1544,40,Male,Dubai,Silver,Store,02 July 2023
1545,35,Male,Dubai,Silver,Amazon.ae,20 October 2025
1546,40,Male,Dubai,Gold,Store,26 February 2022
1547,40,Female,Sharjah,Silver,Website,04 November 2023
1548,35,Female,Dubai,Platinum,Amazon.ae,16 May 2022
1549,18,Male,Dubai,Silver,MobileApp,05 August 2025
1550,30,Male,Dubai,Gold,Amazon.ae,27 June 2023
1551,18,Female,Abu Dhabi,Gold,Amazon.ae,21 November 2021
1552,25,Male,Abu Dhabi,Silver,Store,09 September 2024
1553,25,Female,Abu Dhabi,Gold,Website,10 May 2025
1554,18,Female,Sharjah,Silver,Store,23 September 2025
1555,25,Female,Dubai,Silver,Store,12 October 2021
1556,20,Male,Dubai,Silver,Store,18 January 2024
1557,40,Female,Dubai,Silver,MobileApp,05 December 2023
1558,50,Male,Abu Dhabi,Gold,Website,26 July 2025
1559,18,Female,Abu Dhabi,Platinum,MobileApp,13 May 2022
1560,55,Male,Abu Dhabi,Silver,MobileApp,01 July 2023
1561,30,Male,Abu Dhabi,Silver,Store,02 March 2025
1562,25,Male,Abu Dhabi,Silver,Website,21 May 2025
1563,18,Male,Sharjah,Gold,Store,11 August 2025
1564,30,Female,Abu Dhabi,Platinum,Website,25 May 2021
1565,40,Female,Abu Dhabi,Gold,MobileApp,06 August 2023
1566,35,Female,Dubai,Gold,Website,22 March 2025
1567,18,Male,Abu Dhabi,Silver,Amazon.ae,23 March 2021
1568,18,Female,Sharjah,Silver,MobileApp,07 September 2023
1569,25,Male,Dubai,Gold,Website,17 July 2025
1570,25,Female,Abu Dhabi,Gold,MobileApp,05 April 2024
1571,20,Female,Abu Dhabi,Gold,Store,03 February 2024
1572,25,Male,Dubai,Gold,Store,03 May 2022
1573,40,Female,Abu Dhabi,Gold,Store,26 August 2024
1574,50,Male,Dubai,Gold,Store,23 March 2021
1575,25,Male,Sharjah,Platinum,Store,04 April 2021
1576,50,Male,Sharjah,Platinum,Noon,06 September 2024
1577,25,Male,Dubai,Silver,Website,09 December 2021
1578,30,Female,Dubai,Silver,Website,08 March 2023
1579,20,Male,Abu Dhabi,Silver,Store,27 December 2021
1580,35,Male,Dubai,Gold,Store,26 December 2023
1581,55,Female,Dubai,Silver,Store,16 September 2022
1582,35,Female,Abu Dhabi,Silver,Website,18 May 2023
1583,25,Female,Dubai,Silver,Website,05 March 2022
1584,35,Female,Dubai,Gold,Website,25 November 2024
1585,20,Female,Sharjah,Silver,Website,20 June 2021
1586,45,Male,Sharjah,Silver,MobileApp,01 August 2022
1587,30,Male,Abu Dhabi,Silver,Store,09 March 2021
1588,25,Male,Sharjah,Gold,MobileApp,24 February 2025
1589,30,Male,Dubai,Silver,Website,24 November 2023
1590,35,Female,Dubai,Silver,Website,01 January 2021
1591,18,Male,Dubai,Gold,Store,31 May 2021
1592,35,Female,Abu Dhabi,Silver,Store,21 June 2023
1593,20,Male,Sharjah,Silver,Store,15 September 2021
1594,35,Male,Abu Dhabi,Gold,Noon,20 January 2023
1595,40,Male,Sharjah,Silver,Website,20 September 2022
1596,40,Female,Abu Dhabi,Gold,Noon,31 May 2025
1597,30,Female,Dubai,Silver,Website,06 March 2023
1598,30,Female,Dubai,Silver,Store,19 January 2021
1599,20,Male,Dubai,Gold,Website,04 February 2021
1600,40,Female,Dubai,Gold,Store,06 January 2022
1601,25,Male,Abu Dhabi,Silver,Amazon.ae,06 May 2022
1602,30,Male,Dubai,Silver,MobileApp,28 March 2023
1603,25,Female,Abu Dhabi,Gold,MobileApp,18 June 2024
1604,20,Male,Abu Dhabi,Gold,Website,07 January 2021
1605,35,Female,Dubai,Silver,Website,03 July 2022
1606,18,Male,Dubai,Gold,Noon,06 January 2022
1607,35,Female,Dubai,Silver,Store,16 August 2025
1608,25,Female,Dubai,Silver,MobileApp,27 January 2023
1609,18,Male,Sharjah,Silver,Website,27 June 2024
1610,30,Female,Dubai,Silver,Noon,13 February 2024
1611,18,Male,Abu Dhabi,Silver,MobileApp,26 April 2025
1612,25,Female,Sharjah,Silver,Noon,22 September 2024
1613,35,Male,Sharjah,Silver,Website,28 July 2022
1614,18,Male,Sharjah,Silver,Store,12 November 2022
1615,40,Male,Dubai,Silver,Website,11 March 2024
1616,18,Male,Dubai,Silver,MobileApp,17 February 2025
1617,20,Female,Dubai,Gold,MobileApp,01 January 2025
1618,35,Male,Dubai,Silver,Store,29 March 2021
1619,25,Male,Sharjah,Gold,Website,08 April 2022
1620,20,Male,Abu Dhabi,Silver,Store,08 December 2023
1621,25,Male,Dubai,Silver,Amazon.ae,26 April 2022
1622,25,Female,Dubai,Silver,Store,03 April 2023
1623,40,Female,Dubai,Platinum,Website,08 June 2022
1624,25,Male,Abu Dhabi,Silver,Store,30 July 2021
1625,40,Female,Abu Dhabi,Silver,Store,01 September 2021
1626,45,Female,Sharjah,Gold,Amazon.ae,27 August 2021
1627,25,Male,Sharjah,Platinum,Store,05 May 2024
1628,50,Female,Dubai,Platinum,Store,08 February 2023
1629,25,Male,Dubai,Silver,Store,23 August 2021
1630,55,Female,Dubai,Silver,Website,06 July 2021
1631,18,Female,Dubai,Gold,Website,14 December 2022
1632,35,Male,Sharjah,Silver,Store,27 June 2025
1633,30,Female,Abu Dhabi,Gold,Website,06 August 2024
1634,25,Female,Abu Dhabi,Gold,Store,29 May 2024
1635,35,Male,Dubai,Gold,Amazon.ae,12 May 2022
1636,35,Female,Dubai,Silver,MobileApp,28 February 2025
1637,18,Male,Dubai,Silver,Noon,18 August 2024
1638,20,Female,Abu Dhabi,Gold,Amazon.ae,06 July 2021
1639,35,Female,Abu Dhabi,Silver,Store,13 January 2025
1640,35,Male,Dubai,Silver,Store,06 December 2024
1641,55,Male,Abu Dhabi,Silver,MobileApp,23 June 2025
1642,40,Female,Sharjah,Silver,Store,25 July 2023
1643,55,Male,Dubai,Silver,Store,22 June 2024
1644,35,Male,Abu Dhabi,Gold,Store,09 November 2021
1645,25,Male,Dubai,Silver,Website,30 March 2023
1646,20,Male,Abu Dhabi,Silver,Website,28 February 2025
1647,40,Male,Abu Dhabi,Silver,Store,22 January 2021
1648,35,Male,Sharjah,Silver,Store,09 March 2021
1649,18,Male,Dubai,Platinum,MobileApp,27 January 2022
1650,25,Female,Dubai,Gold,Store,01 September 2024
1651,55,Male,Dubai,Silver,Noon,25 December 2023
1652,30,Male,Dubai,Gold,Store,30 December 2022
1653,25,Male,Abu Dhabi,Silver,Website,25 June 2022
1654,30,Female,Sharjah,Platinum,Store,25 September 2025
1655,20,Male,Dubai,Silver,Store,22 July 2022
1656,25,Male,Dubai,Silver,Website,19 June 2023
1657,25,Male,Dubai,Silver,Website,31 July 2021
1658,18,Female,Dubai,Gold,Amazon.ae,19 July 2021
1659,40,Female,Dubai,Silver,MobileApp,14 September 2023
1660,25,Female,Dubai,Gold,Store,27 June 2021
1661,40,Female,Abu Dhabi,Silver,Store,17 December 2024
1662,45,Female,Dubai,Platinum,Store,20 July 2023
1663,20,Male,Abu Dhabi,Silver,Store,16 August 2025
1664,35,Female,Abu Dhabi,Platinum,Website,25 January 2025
1665,30,Male,Dubai,Silver,Noon,13 February 2021
1666,45,Female,Abu Dhabi,Silver,Website,25 December 2024
1667,20,Female,Abu Dhabi,Platinum,MobileApp,17 June 2021
1668,35,Male,Abu Dhabi,Platinum,Website,14 October 2021
1669,35,Male,Dubai,Gold,MobileApp,10 December 2022
1670,25,Male,Dubai,Silver,Store,03 December 2021
1671,20,Female,Sharjah,Silver,MobileApp,09 August 2022
1672,35,Female,Abu Dhabi,Silver,Amazon.ae,09 April 2024
1673,35,Female,Dubai,Silver,Store,02 July 2021
1674,25,Male,Dubai,Silver,Store,16 January 2021
1675,35,Female,Dubai,Silver,Noon,28 February 2025
1676,25,Female,Dubai,Gold,MobileApp,23 May 2025
1677,35,Female,Abu Dhabi,Gold,Store,06 June 2023
1678,20,Male,Dubai,Silver,Website,17 April 2023
1679,45,Male,Dubai,Silver,Store,27 April 2025
1680,25,Female,Abu Dhabi,Silver,Website,20 April 2021
1681,25,Female,Dubai,Gold,Store,26 April 2025
1682,18,Female,Abu Dhabi,Silver,Store,02 November 2021
1683,20,Male,Abu Dhabi,Gold,Website,07 September 2023
1684,30,Male,Dubai,Silver,MobileApp,06 January 2021
1685,25,Female,Abu Dhabi,Silver,Amazon.ae,23 April 2023
1686,40,Male,Abu Dhabi,Gold,Store,13 September 2025
1687,18,Female,Dubai,Gold,MobileApp,20 July 2024
1688,25,Male,Dubai,Silver,Store,27 December 2021
1689,25,Male,Abu Dhabi,Silver,Store,23 April 2024
1690,18,Female,Sharjah,Platinum,Amazon.ae,18 October 2022
1691,20,Female,Abu Dhabi,Silver,Website,29 January 2024
1692,25,Male,Dubai,Gold,Store,19 January 2024
1693,30,Male,Abu Dhabi,Gold,Store,11 September 2023
1694,25,Female,Dubai,Gold,Website,23 June 2024
1695,30,Male,Abu Dhabi,Silver,MobileApp,16 June 2024
1696,30,Female,Abu Dhabi,Silver,Noon,25 December 2022
1697,18,Male,Abu Dhabi,Platinum,MobileApp,10 January 2024
1698,30,Female,Sharjah,Silver,Amazon.ae,25 April 2021
1699,55,Female,Abu Dhabi,Silver,MobileApp,03 October 2021
1700,30,Female,Abu Dhabi,Gold,Amazon.ae,21 March 2021
1701,35,Male,Dubai,Silver,Store,11 May 2025
1702,25,Female,Sharjah,Gold,Amazon.ae,28 June 2021
1703,40,Male,Sharjah,Gold,Store,25 August 2024
1704,40,Male,Dubai,Gold,Amazon.ae,15 July 2022
1705,30,Female,Dubai,Gold,Store,24 May 2022
1706,55,Female,Dubai,Silver,MobileApp,17 September 2021
1707,20,Female,Abu Dhabi,Silver,MobileApp,19 October 2021
1708,18,Male,Abu Dhabi,Gold,Noon,04 June 2023
1709,40,Male,Dubai,Silver,MobileApp,18 October 2021
1710,40,Male,Sharjah,Platinum,Store,26 June 2022
1711,20,Female,Dubai,Gold,Website,03 February 2023
1712,25,Female,Abu Dhabi,Silver,Store,23 December 2023
1713,18,Male,Dubai,Gold,Store,17 August 2022
1714,25,Female,Dubai,Silver,Store,29 November 2024
1715,40,Male,Dubai,Silver,Store,06 August 2023
1716,30,Male,Dubai,Gold,Website,25 April 2022
1717,25,Male,Abu Dhabi,Gold,Amazon.ae,10 September 2024
1718,25,Male,Abu Dhabi,Silver,Amazon.ae,16 January 2022
1719,18,Male,Dubai,Silver,Store,01 September 2025
1720,25,Female,Dubai,Silver,Store,06 November 2021
1721,35,Male,Dubai,Silver,Store,28 September 2024
1722,55,Female,Abu Dhabi,Silver,Store,21 August 2025
1723,40,Male,Abu Dhabi,Silver,Store,07 February 2025
1724,18,Female,Dubai,Gold,Store,16 December 2023
1725,45,Female,Abu Dhabi,Platinum,Website,27 April 2023
1726,40,Female,Dubai,Silver,Website,01 March 2022
1727,40,Male,Sharjah,Silver,Website,11 March 2024
1728,30,Female,Sharjah,Gold,Store,23 October 2022
1729,25,Female,Abu Dhabi,Gold,MobileApp,31 October 2024
1730,25,Male,Sharjah,Platinum,MobileApp,14 August 2021
1731,18,Male,Sharjah,Silver,Store,06 February 2025
1732,20,Male,Sharjah,Silver,Store,25 January 2021
1733,20,Female,Abu Dhabi,Silver,Store,10 September 2025
1734,30,Male,Dubai,Gold,Store,20 October 2024
1735,35,Male,Dubai,Silver,Website,05 April 2021
1736,30,Male,Dubai,Silver,Store,23 May 2022
1737,18,Male,Abu Dhabi,Silver,Website,19 July 2022
1738,55,Female,Dubai,Silver,Store,25 May 2025
1739,50,Male,Dubai,Gold,MobileApp,14 April 2024
1740,40,Female,Dubai,Silver,Store,06 October 2022
1741,60,Female,Dubai,Gold,Website,02 December 2024
1742,30,Male,Abu Dhabi,Silver,Store,05 May 2022
1743,55,Female,Sharjah,Silver,Store,04 April 2022
1744,18,Male,Abu Dhabi,Silver,Amazon.ae,07 December 2024
1745,25,Female,Abu Dhabi,Silver,Website,20 June 2023
1746,20,Male,Abu Dhabi,Silver,Store,04 December 2021
1747,20,Female,Dubai,Gold,Website,21 August 2023
1748,20,Male,Dubai,Gold,Website,16 September 2024
1749,35,Male,Sharjah,Silver,Website,21 May 2024
1750,40,Female,Dubai,Silver,Store,13 October 2025
1751,30,Male,Dubai,Platinum,Amazon.ae,11 December 2021
1752,20,Female,Abu Dhabi,Silver,Store,30 July 2022
1753,40,Male,Dubai,Silver,Store,20 April 2025
1754,35,Female,Dubai,Silver,Store,28 March 2025
1755,25,Male,Dubai,Gold,MobileApp,01 August 2023
1756,35,Female,Dubai,Silver,Amazon.ae,12 December 2021
1757,25,Male,Dubai,Silver,MobileApp,25 June 2024
1758,25,Male,Dubai,Silver,MobileApp,06 July 2025
1759,50,Male,Abu Dhabi,Silver,Noon,21 November 2021
1760,25,Female,Sharjah,Silver,Website,12 April 2022
1761,30,Male,Dubai,Gold,MobileApp,01 April 2021
1762,45,Female,Sharjah,Gold,Noon,21 October 2021
1763,35,Female,Dubai,Silver,Store,14 April 2025
1764,18,Male,Dubai,Silver,Website,08 June 2022
1765,20,Female,Dubai,Gold,MobileApp,10 August 2025
1766,18,Male,Abu Dhabi,Gold,Amazon.ae,31 July 2025
1767,35,Male,Dubai,Silver,Amazon.ae,30 April 2023
1768,25,Female,Abu Dhabi,Silver,MobileApp,20 August 2025
1769,20,Female,Abu Dhabi,Silver,Amazon.ae,16 September 2021
1770,55,Female,Abu Dhabi,Silver,Website,16 January 2024
1771,30,Male,Abu Dhabi,Silver,Store,27 March 2024
1772,20,Male,Sharjah,Gold,Store,26 February 2025
1773,30,Male,Dubai,Silver,Website,05 July 2021
1774,35,Female,Dubai,Gold,Store,10 December 2021
1775,18,Male,Abu Dhabi,Gold,Website,01 April 2023
1776,25,Female,Abu Dhabi,Gold,Store,11 January 2023
1777,40,Male,Dubai,Silver,Amazon.ae,20 March 2025
1778,30,Male,Dubai,Silver,Store,23 July 2022
1779,30,Male,Dubai,Platinum,Amazon.ae,08 August 2023
1780,25,Male,Dubai,Gold,Amazon.ae,24 May 2022
1781,18,Male,Dubai,Gold,Website,13 April 2025
1782,20,Female,Sharjah,Silver,Store,16 January 2021
1783,25,Female,Abu Dhabi,Silver,MobileApp,09 June 2022
1784,20,Male,Dubai,Gold,MobileApp,19 July 2021
1785,18,Male,Abu Dhabi,Silver,Store,22 April 2024
1786,40,Male,Sharjah,Silver,Store,05 November 2021
1787,60,Female,Dubai,Silver,Store,12 March 2025
1788,40,Male,Dubai,Silver,Store,28 July 2024
1789,45,Female,Abu Dhabi,Silver,Store,27 March 2024
1790,20,Male,Abu Dhabi,Silver,Store,15 October 2024
1791,55,Male,Dubai,Silver,Website,16 September 2021
1792,20,Female,Sharjah,Gold,Noon,26 March 2024
1793,55,Male,Dubai,Silver,Website,01 March 2022
1794,60,Female,Dubai,Silver,Amazon.ae,18 June 2025
1795,35,Male,Dubai,Gold,MobileApp,18 February 2023
1796,60,Male,Dubai,Silver,MobileApp,11 November 2023
1797,30,Male,Abu Dhabi,Silver,Store,01 October 2022
1798,25,Female,Sharjah,Gold,Store,02 October 2024
1799,25,Female,Dubai,Platinum,MobileApp,09 July 2023
1800,30,Male,Sharjah,Silver,Amazon.ae,09 October 2023
1801,18,Female,Sharjah,Silver,Website,16 December 2021
1802,35,Male,Dubai,Gold,Store,19 August 2023
1803,60,Male,Abu Dhabi,Silver,MobileApp,09 November 2024
1804,20,Male,Dubai,Gold,Store,14 March 2022
1805,40,Male,Abu Dhabi,Platinum,Store,01 April 2022
1806,50,Male,Dubai,Platinum,MobileApp,16 September 2022
1807,50,Female,Abu Dhabi,Silver,Website,19 April 2025
1808,55,Male,Dubai,Silver,Website,09 January 2024
1809,30,Male,Sharjah,Platinum,Amazon.ae,15 January 2025
1810,55,Male,Sharjah,Silver,Website,07 June 2025
1811,40,Female,Dubai,Silver,Website,14 April 2025
1812,20,Female,Dubai,Gold,Store,21 February 2025
1813,30,Male,Dubai,Silver,Store,05 October 2022
1814,35,Male,Abu Dhabi,Silver,MobileApp,27 March 2025
1815,20,Male,Dubai,Gold,Store,27 January 2022
1816,35,Male,Abu Dhabi,Silver,Store,28 July 2022
1817,35,Male,Dubai,Silver,Store,14 October 2024
1818,20,Male,Dubai,Silver,Website,02 February 2021
1819,30,Male,Dubai,Gold,Website,05 March 2024
1820,40,Male,Dubai,Silver,Website,10 July 2023
1821,30,Male,Abu Dhabi,Silver,Website,12 June 2025
1822,18,Female,Sharjah,Gold,Store,14 February 2022
1823,18,Female,Dubai,Gold,Website,02 April 2025
1824,25,Female,Abu Dhabi,Silver,Amazon.ae,20 October 2023
1825,50,Male,Dubai,Gold,Store,20 January 2024
1826,20,Male,Abu Dhabi,Silver,Website,17 February 2022
1827,35,Male,Dubai,Gold,Website,26 October 2021
1828,20,Female,Abu Dhabi,Silver,MobileApp,19 February 2025
1829,25,Male,Sharjah,Silver,Store,14 March 2021
1830,40,Female,Dubai,Gold,Amazon.ae,08 October 2025
1831,35,Female,Abu Dhabi,Silver,Website,18 September 2021
1832,18,Male,Dubai,Silver,MobileApp,21 November 2022
1833,25,Female,Dubai,Silver,Store,28 August 2024
1834,18,Male,Dubai,Gold,MobileApp,17 August 2023
1835,30,Male,Dubai,Silver,MobileApp,02 January 2023
1836,35,Male,Dubai,Silver,Store,16 November 2022
1837,20,Male,Dubai,Silver,Store,03 April 2024
1838,25,Female,Dubai,Silver,Website,20 April 2023
1839,25,Male,Dubai,Silver,Store,01 December 2021
1840,50,Male,Abu Dhabi,Silver,MobileApp,06 March 2025
1841,60,Female,Sharjah,Silver,Store,02 January 2023
1842,18,Female,Dubai,Silver,Store,15 March 2023
1843,40,Male,Dubai,Gold,Website,30 March 2024
1844,25,Female,Dubai,Gold,Store,25 January 2022
1845,25,Female,Sharjah,Gold,Noon,30 January 2023
1846,40,Male,Abu Dhabi,Silver,Amazon.ae,02 June 2023
1847,50,Male,Dubai,Platinum,Website,30 August 2023
1848,55,Male,Dubai,Silver,MobileApp,31 December 2023
1849,30,Female,Dubai,Platinum,Amazon.ae,30 July 2023
1850,25,Female,Dubai,Silver,Store,21 January 2024
1851,40,Female,Sharjah,Silver,MobileApp,22 June 2023
1852,25,Male,Sharjah,Silver,Store,16 October 2024
1853,30,Male,Dubai,Silver,Store,06 September 2024
1854,25,Male,Abu Dhabi,Gold,Website,22 June 2024
1855,35,Male,Dubai,Gold,MobileApp,24 January 2021
1856,20,Female,Dubai,Platinum,Store,11 July 2022
1857,20,Female,Sharjah,Gold,Store,02 December 2022
1858,50,Male,Abu Dhabi,Silver,Website,07 February 2022
1859,20,Male,Dubai,Silver,Store,28 October 2024
1860,30,Male,Dubai,Platinum,MobileApp,02 August 2024
1861,20,Male,Sharjah,Silver,Website,17 March 2022
1862,18,Male,Abu Dhabi,Gold,Store,07 June 2025
1863,18,Male,Dubai,Silver,Store,24 October 2025
1864,20,Male,Dubai,Silver,Website,01 June 2023
1865,45,Male,Dubai,Platinum,Website,07 October 2024
1866,25,Male,Sharjah,Silver,Store,15 July 2023
1867,55,Male,Abu Dhabi,Silver,Store,27 May 2024
1868,30,Female,Dubai,Silver,Store,30 April 2022
1869,25,Male,Abu Dhabi,Gold,Store,06 January 2025
1870,30,Female,Abu Dhabi,Silver,Website,26 May 2024
1871,30,Male,Dubai,Silver,MobileApp,22 September 2025
1872,40,Male,Dubai,Silver,Website,27 December 2023
1873,25,Male,Abu Dhabi,Silver,MobileApp,31 January 2021
1874,25,Male,Abu Dhabi,Silver,Store,18 November 2021
1875,45,Female,Abu Dhabi,Silver,Store,27 June 2024
1876,50,Male,Sharjah,Platinum,Website,20 July 2022
1877,45,Female,Dubai,Platinum,Website,10 January 2021
1878,25,Female,Dubai,Silver,Website,09 November 2022
1879,40,Male,Sharjah,Gold,MobileApp,01 May 2023
1880,30,Male,Dubai,Silver,Website,16 July 2023
1881,30,Female,Abu Dhabi,Silver,Store,12 October 2021
1882,20,Male,Abu Dhabi,Silver,Website,02 June 2021
1883,30,Female,Abu Dhabi,Silver,MobileApp,17 April 2025
1884,20,Male,Dubai,Silver,Noon,02 April 2025
1885,25,Male,Abu Dhabi,Silver,Website,06 January 2022
1886,45,Male,Sharjah,Gold,Website,28 October 2021
1887,20,Male,Abu Dhabi,Silver,Website,26 May 2021
1888,18,Female,Dubai,Gold,Amazon.ae,30 May 2025
1889,18,Male,Dubai,Silver,Noon,18 July 2025
1890,50,Female,Dubai,Silver,MobileApp,12 December 2023
1891,30,Male,Dubai,Silver,Website,28 November 2024
1892,25,Male,Dubai,Silver,Store,03 December 2022
1893,40,Male,Sharjah,Gold,MobileApp,21 May 2021
1894,40,Male,Abu Dhabi,Gold,MobileApp,17 January 2024
1895,25,Male,Abu Dhabi,Silver,MobileApp,21 December 2024
1896,35,Male,Abu Dhabi,Gold,Store,25 March 2021
1897,40,Female,Dubai,Platinum,Website,20 June 2024
1898,35,Male,Sharjah,Gold,Store,04 February 2024
1899,20,Male,Dubai,Silver,MobileApp,16 June 2025
1900,45,Female,Dubai,Gold,Store,10 October 2024
1901,30,Female,Dubai,Silver,Website,21 January 2021
1902,25,Male,Sharjah,Gold,Store,27 October 2023
1903,25,Male,Sharjah,Silver,Store,25 August 2023
1904,18,Female,Dubai,Silver,Website,29 May 2024
1905,20,Female,Sharjah,Silver,Store,16 January 2024
1906,40,Male,Dubai,Silver,Website,12 September 2025
1907,18,Male,Dubai,Platinum,Amazon.ae,29 March 2022
1908,25,Female,Sharjah,Silver,Noon,08 December 2021
1909,30,Male,Sharjah,Silver,Store,28 January 2022
1910,18,Female,Abu Dhabi,Platinum,MobileApp,07 October 2024
1911,55,Male,Abu Dhabi,Silver,Store,23 June 2024
1912,20,Female,Sharjah,Silver,Amazon.ae,06 September 2025
1913,25,Male,Abu Dhabi,Silver,MobileApp,30 September 2023
1914,25,Male,Sharjah,Silver,Store,11 February 2024
1915,20,Female,Abu Dhabi,Silver,Store,29 August 2023
1916,18,Male,Sharjah,Silver,Store,26 May 2025
1917,35,Male,Sharjah,Gold,MobileApp,07 June 2021
1918,55,Male,Dubai,Platinum,Store,22 March 2023
1919,20,Male,Sharjah,Silver,Website,14 June 2024
1920,35,Male,Dubai,Silver,Website,30 November 2022
1921,35,Female,Dubai,Silver,Noon,20 June 2024
1922,40,Male,Abu Dhabi,Gold,Amazon.ae,15 June 2021
1923,25,Male,Dubai,Silver,Store,03 February 2021
1924,25,Male,Abu Dhabi,Gold,MobileApp,12 September 2021
1925,25,Female,Sharjah,Silver,MobileApp,29 October 2021
1926,35,Female,Dubai,Platinum,Amazon.ae,08 August 2021
1927,40,Male,Dubai,Silver,Store,22 November 2023
1928,20,Male,Sharjah,Gold,Store,24 July 2023
1929,25,Female,Dubai,Silver,Store,24 May 2022
1930,50,Male,Dubai,Gold,Store,14 February 2025
1931,40,Female,Dubai,Silver,Store,10 June 2024
1932,60,Female,Abu Dhabi,Silver,Website,11 August 2023
1933,40,Female,Abu Dhabi,Silver,Website,03 August 2021
1934,25,Male,Sharjah,Gold,Website,19 June 2024
1935,30,Female,Dubai,Gold,Website,02 September 2021
1936,35,Female,Sharjah,Silver,Store,20 January 2021
1937,18,Female,Abu Dhabi,Silver,Amazon.ae,29 July 2021
1938,30,Male,Dubai,Silver,Amazon.ae,12 October 2025
1939,35,Male,Abu Dhabi,Gold,Website,02 March 2022
1940,20,Male,Abu Dhabi,Gold,Amazon.ae,27 September 2023
1941,40,Male,Abu Dhabi,Gold,Store,08 September 2023
1942,30,Female,Dubai,Silver,MobileApp,13 March 2021
1943,55,Male,Dubai,Platinum,Store,25 August 2025
1944,18,Male,Dubai,Gold,Store,27 June 2021
1945,25,Male,Dubai,Gold,Store,27 March 2025
1946,35,Female,Abu Dhabi,Silver,Website,26 October 2021
1947,25,Female,Dubai,Gold,Store,23 September 2021
1948,35,Male,Abu Dhabi,Silver,Website,04 June 2022
1949,40,Male,Dubai,Silver,Store,27 February 2025
1950,20,Male,Dubai,Silver,Amazon.ae,02 October 2021
1951,30,Female,Abu Dhabi,Silver,Website,25 September 2025
1952,30,Female,Dubai,Silver,Store,06 August 2023
1953,25,Female,Sharjah,Silver,Store,22 February 2021
1954,50,Male,Dubai,Silver,MobileApp,23 March 2023
1955,40,Female,Dubai,Gold,Store,20 June 2025
1956,35,Male,Sharjah,Silver,Website,24 November 2024
1957,35,Female,Abu Dhabi,Silver,Website,08 December 2024
1958,30,Male,Dubai,Silver,Store,16 June 2025
1959,50,Female,Dubai,Gold,Store,07 August 2025
1960,35,Male,Abu Dhabi,Gold,Website,04 May 2022
1961,35,Female,Sharjah,Silver,Store,17 May 2022
1962,45,Female,Sharjah,Platinum,Store,03 November 2021
1963,25,Male,Dubai,Silver,Store,21 February 2022
1964,40,Male,Sharjah,Platinum,Store,24 May 2022
1965,20,Female,Dubai,Silver,Store,10 July 2023
1966,25,Male,Dubai,Silver,Noon,03 April 2025
1967,25,Male,Sharjah,Silver,Website,30 September 2022
1968,55,Male,Dubai,Silver,MobileApp,28 October 2022
1969,45,Female,Dubai,Silver,Store,06 January 2021
1970,35,Male,Dubai,Gold,Store,26 February 2022
1971,35,Male,Dubai,Gold,MobileApp,14 January 2025
1972,30,Male,Abu Dhabi,Silver,Website,21 December 2024
1973,50,Male,Abu Dhabi,Silver,Store,25 January 2022
1974,30,Female,Dubai,Silver,Store,30 November 2021
1975,25,Female,Abu Dhabi,Silver,Website,11 January 2025
1976,20,Female,Sharjah,Gold,MobileApp,04 December 2021
1977,40,Male,Sharjah,Silver,Store,28 April 2023
1978,35,Female,Dubai,Gold,Website,17 January 2024
1979,25,Male,Sharjah,Silver,MobileApp,26 September 2021
1980,18,Male,Abu Dhabi,Silver,Noon,06 March 2021
1981,40,Female,Dubai,Silver,MobileApp,09 November 2022
1982,18,Female,Dubai,Silver,Store,24 December 2023
1983,35,Female,Dubai,Silver,MobileApp,17 July 2024
1984,55,Female,Abu Dhabi,Gold,MobileApp,19 October 2022
1985,25,Male,Dubai,Silver,MobileApp,01 November 2024
1986,20,Male,Abu Dhabi,Silver,MobileApp,20 February 2023
1987,35,Female,Dubai,Gold,Amazon.ae,25 November 2021
1988,40,Male,Sharjah,Silver,Store,02 June 2022
1989,30,Male,Dubai,Gold,Store,15 July 2025
1990,55,Female,Sharjah,Silver,MobileApp,12 May 2023
1991,18,Female,Sharjah,Silver,Store,25 February 2022
1992,30,Male,Dubai,Gold,Store,29 August 2024
1993,35,Female,Dubai,Gold,Store,05 November 2021
1994,45,Female,Dubai,Silver,MobileApp,25 March 2023
1995,20,Female,Sharjah,Silver,Store,26 April 2023
1996,40,Male,Abu Dhabi,Gold,Website,26 July 2025
1997,30,Male,Dubai,Silver,Store,20 August 2023
1998,25,Male,Dubai,Silver,Store,27 April 2024
1999,20,Male,Dubai,Gold,Store,22 December 2022
2000,45,Male,Sharjah,Gold,Store,02 December 2023
2001,20,Male,Abu Dhabi,Gold,MobileApp,13 August 2022
2002,25,Male,Sharjah,Gold,Amazon.ae,16 November 2021
2003,25,Female,Dubai,Gold,MobileApp,08 October 2023
2004,45,Male,Dubai,Gold,Store,08 August 2025
2005,35,Female,Sharjah,Gold,Website,21 March 2022
2006,40,Female,Dubai,Silver,Store,29 October 2024
2007,25,Male,Sharjah,Silver,Store,13 October 2021
2008,35,Female,Dubai,Gold,Website,20 June 2021
2009,30,Female,Dubai,Gold,MobileApp,17 June 2025
2010,40,Male,Abu Dhabi,Silver,Store,20 September 2021
2011,50,Female,Sharjah,Silver,Store,31 July 2023
2012,18,Male,Sharjah,Platinum,Amazon.ae,08 April 2025
2013,35,Female,Dubai,Silver,Store,22 May 2021
2014,18,Male,Dubai,Silver,Amazon.ae,17 March 2024
2015,30,Female,Abu Dhabi,Gold,Noon,03 January 2025
2016,25,Male,Abu Dhabi,Platinum,Website,20 September 2022
2017,25,Female,Abu Dhabi,Gold,Store,16 August 2022
2018,25,Male,Dubai,Gold,MobileApp,20 February 2022
2019,35,Female,Sharjah,Silver,Store,25 January 2021
2020,25,Female,Abu Dhabi,Gold,Store,19 September 2022
2021,35,Male,Sharjah,Silver,MobileApp,04 April 2021
2022,25,Female,Abu Dhabi,Gold,Store,01 November 2021
2023,18,Male,Dubai,Silver,Store,04 July 2021
2024,40,Female,Sharjah,Silver,Website,10 October 2021
2025,25,Male,Abu Dhabi,Silver,MobileApp,24 March 2024
2026,25,Female,Sharjah,Silver,Store,17 November 2022
2027,35,Female,Sharjah,Gold,Store,13 May 2023
2028,25,Male,Abu Dhabi,Platinum,Store,16 November 2022
2029,18,Male,Abu Dhabi,Gold,Store,28 October 2022
2030,25,Male,Dubai,Gold,MobileApp,04 November 2023
2031,50,Female,Dubai,Silver,MobileApp,09 June 2023
2032,35,Male,Dubai,Gold,Website,27 March 2023
2033,35,Male,Dubai,Gold,Store,22 July 2025
2034,35,Female,Dubai,Gold,Store,07 December 2021
2035,20,Male,Dubai,Silver,Store,27 August 2022
2036,25,Female,Dubai,Gold,Store,04 January 2023
2037,40,Male,Dubai,Gold,Store,05 February 2025
2038,20,Male,Dubai,Silver,Store,30 March 2023
2039,25,Female,Dubai,Gold,Store,26 June 2023
2040,25,Male,Abu Dhabi,Platinum,MobileApp,06 February 2024
2041,25,Male,Abu Dhabi,Silver,MobileApp,16 September 2024
2042,60,Female,Dubai,Gold,Website,24 June 2022
2043,18,Male,Abu Dhabi,Gold,Store,15 March 2022
2044,30,Female,Sharjah,Gold,Amazon.ae,29 September 2025
2045,20,Female,Dubai,Silver,Noon,15 September 2023
2046,55,Male,Abu Dhabi,Gold,Store,02 October 2025
2047,20,Male,Sharjah,Silver,MobileApp,28 October 2022
2048,25,Female,Sharjah,Silver,MobileApp,19 January 2022
2049,35,Male,Dubai,Gold,Website,05 August 2022
2050,35,Male,Abu Dhabi,Gold,Store,09 June 2021
2051,25,Female,Dubai,Gold,Website,08 March 2022
2052,25,Male,Abu Dhabi,Silver,Website,20 November 2024
2053,25,Female,Sharjah,Silver,Store,07 September 2022
2054,25,Male,Abu Dhabi,Platinum,Amazon.ae,03 May 2022
2055,20,Male,Sharjah,Silver,MobileApp,27 April 2024
2056,30,Male,Dubai,Gold,Store,12 December 2024
2057,25,Female,Sharjah,Gold,Website,09 December 2021
2058,25,Female,Abu Dhabi,Gold,Website,16 October 2024
2059,35,Female,Dubai,Silver,Store,19 April 2021
2060,55,Male,Abu Dhabi,Gold,Store,29 April 2023
2061,35,Male,Dubai,Gold,Amazon.ae,28 October 2021
2062,18,Male,Dubai,Silver,Website,23 October 2024
2063,18,Male,Sharjah,Silver,Store,02 July 2024
2064,55,Female,Dubai,Silver,Store,01 September 2024
2065,25,Female,Abu Dhabi,Silver,Website,06 December 2022
2066,18,Male,Dubai,Gold,Website,31 December 2023
2067,30,Female,Dubai,Gold,Store,26 September 2021
2068,35,Male,Sharjah,Platinum,Website,05 March 2025
2069,35,Female,Dubai,Silver,Store,17 May 2024
2070,25,Male,Abu Dhabi,Gold,Store,23 April 2022
2071,18,Male,Abu Dhabi,Silver,Website,25 June 2021
2072,55,Male,Abu Dhabi,Gold,Store,27 August 2021
2073,25,Male,Sharjah,Gold,Amazon.ae,12 June 2023
2074,35,Female,Abu Dhabi,Platinum,Store,02 September 2022
2075,35,Male,Dubai,Gold,Website,09 May 2023
2076,35,Male,Sharjah,Platinum,Store,05 January 2025
2077,25,Female,Dubai,Gold,Store,13 June 2025
2078,25,Female,Abu Dhabi,Gold,MobileApp,07 May 2022
2079,30,Female,Sharjah,Silver,Website,09 April 2021
2080,45,Male,Abu Dhabi,Gold,MobileApp,25 November 2021
2081,50,Female,Sharjah,Gold,Website,11 September 2024
2082,20,Female,Abu Dhabi,Silver,Website,21 March 2022
2083,20,Male,Sharjah,Silver,MobileApp,17 August 2025
2084,50,Male,Sharjah,Gold,Website,25 September 2023
2085,35,Male,Dubai,Silver,Website,22 October 2021
2086,45,Male,Dubai,Silver,MobileApp,18 March 2022
2087,20,Male,Dubai,Gold,Amazon.ae,06 March 2023
2088,30,Male,Abu Dhabi,Platinum,Store,10 June 2023
2089,35,Female,Dubai,Gold,Website,31 January 2021
2090,35,Female,Dubai,Silver,Store,29 February 2024
2091,25,Female,Dubai,Silver,Store,18 October 2025
2092,18,Female,Sharjah,Silver,Store,31 March 2025
2093,30,Male,Abu Dhabi,Silver,MobileApp,14 March 2022
2094,25,Female,Dubai,Silver,Website,11 September 2024
2095,30,Female,Dubai,Platinum,MobileApp,14 July 2024
2096,55,Male,Dubai,Silver,Store,13 October 2021
2097,25,Female,Dubai,Silver,Website,18 October 2021
2098,40,Female,Dubai,Silver,Amazon.ae,03 January 2022
2099,20,Male,Sharjah,Silver,Store,01 May 2022
2100,35,Female,Sharjah,Silver,Store,09 July 2022
2101,55,Male,Dubai,Silver,Store,17 June 2021
2102,20,Male,Dubai,Platinum,MobileApp,03 February 2025
2103,18,Male,Dubai,Silver,Website,08 April 2024
2104,25,Female,Dubai,Silver,Website,10 February 2023
2105,18,Female,Dubai,Silver,Website,01 October 2024
2106,35,Female,Dubai,Silver,Store,19 March 2021
2107,50,Male,Dubai,Silver,MobileApp,01 May 2023
2108,25,Male,Abu Dhabi,Silver,Store,14 January 2024
2109,25,Female,Abu Dhabi,Silver,Store,11 June 2023
2110,25,Female,Abu Dhabi,Gold,Website,23 October 2022
2111,35,Male,Dubai,Silver,MobileApp,09 May 2024
2112,18,Male,Sharjah,Silver,MobileApp,12 August 2022
2113,30,Female,Sharjah,Silver,MobileApp,16 October 2024
2114,35,Female,Dubai,Silver,Store,01 February 2023
2115,35,Male,Dubai,Silver,Store,19 July 2022
2116,20,Male,Abu Dhabi,Silver,Store,23 March 2023
2117,35,Female,Dubai,Silver,Amazon.ae,29 October 2021
2118,18,Female,Dubai,Silver,Amazon.ae,20 October 2021
2119,20,Male,Abu Dhabi,Silver,Noon,21 October 2021
2120,45,Male,Abu Dhabi,Silver,Store,19 April 2021
2121,35,Female,Dubai,Silver,Website,31 December 2021
2122,18,Male,Abu Dhabi,Platinum,Website,23 August 2022
2123,20,Male,Sharjah,Gold,MobileApp,09 November 2022
2124,20,Male,Dubai,Gold,Website,26 February 2025
2125,25,Male,Abu Dhabi,Gold,MobileApp,14 July 2024
2126,20,Female,Dubai,Platinum,Store,03 April 2021
2127,18,Male,Dubai,Gold,Store,05 September 2025
2128,30,Female,Abu Dhabi,Gold,Store,24 December 2023
2129,35,Male,Dubai,Silver,Store,04 March 2022
2130,35,Male,Dubai,Silver,Store,30 September 2022
2131,35,Male,Dubai,Gold,Store,03 January 2022
2132,18,Female,Abu Dhabi,Platinum,Store,15 April 2021
2133,55,Female,Abu Dhabi,Silver,Website,28 July 2021
2134,40,Male,Dubai,Gold,Amazon.ae,17 May 2025
2135,40,Female,Abu Dhabi,Silver,MobileApp,09 October 2023
2136,40,Female,Dubai,Silver,Store,19 April 2022
2137,50,Female,Abu Dhabi,Silver,Store,21 December 2023
2138,30,Male,Dubai,Silver,Store,01 October 2024
2139,20,Female,Abu Dhabi,Silver,Noon,12 January 2021
2140,35,Male,Sharjah,Gold,Website,11 April 2022
2141,35,Male,Sharjah,Gold,Store,11 October 2022
2142,35,Female,Dubai,Gold,MobileApp,03 May 2024
2143,30,Male,Sharjah,Silver,Store,03 January 2024
2144,18,Male,Dubai,Gold,Amazon.ae,25 May 2023
2145,25,Male,Sharjah,Silver,Store,21 January 2022
2146,50,Female,Dubai,Silver,Store,05 March 2024
2147,30,Female,Dubai,Gold,Website,03 June 2023
2148,30,Male,Dubai,Silver,Amazon.ae,09 July 2022
2149,25,Female,Dubai,Silver,Amazon.ae,30 December 2024
2150,25,Male,Abu Dhabi,Silver,Website,29 November 2023
2151,45,Male,Sharjah,Gold,Store,16 April 2025
2152,35,Female,Abu Dhabi,Silver,Store,16 October 2022
2153,40,Male,Abu Dhabi,Gold,Noon,05 September 2024
2154,30,Male,Abu Dhabi,Gold,Website,15 May 2023
2155,35,Male,Dubai,Gold,MobileApp,16 September 2023
2156,20,Female,Dubai,Gold,Store,29 April 2025
2157,35,Male,Dubai,Silver,Website,20 September 2025
2158,25,Female,Dubai,Silver,Store,19 December 2021
2159,25,Female,Dubai,Silver,MobileApp,29 May 2022
2160,35,Male,Dubai,Silver,Amazon.ae,15 February 2025
2161,50,Female,Dubai,Gold,Website,10 December 2024
2162,18,Male,Dubai,Silver,Website,15 March 2023
2163,40,Male,Sharjah,Silver,Store,25 October 2024
2164,25,Female,Dubai,Gold,Store,09 December 2021
2165,25,Female,Abu Dhabi,Gold,Amazon.ae,10 September 2024
2166,18,Male,Abu Dhabi,Gold,Store,22 October 2024
2167,25,Male,Abu Dhabi,Gold,MobileApp,02 December 2021
2168,30,Male,Dubai,Gold,MobileApp,12 August 2024
2169,18,Male,Dubai,Gold,MobileApp,24 January 2021
2170,30,Male,Dubai,Silver,Amazon.ae,04 June 2023
2171,50,Male,Dubai,Platinum,Website,05 January 2025
2172,20,Female,Dubai,Silver,Amazon.ae,14 April 2021
2173,40,Male,Abu Dhabi,Silver,Store,06 December 2024
2174,25,Male,Abu Dhabi,Silver,Website,28 July 2022
2175,35,Female,Abu Dhabi,Gold,MobileApp,16 August 2025
2176,25,Female,Dubai,Platinum,Store,14 February 2023
2177,20,Male,Dubai,Silver,MobileApp,10 August 2024
2178,20,Male,Sharjah,Silver,MobileApp,06 June 2023
2179,18,Female,Dubai,Gold,MobileApp,31 August 2021
2180,20,Male,Abu Dhabi,Platinum,Store,08 December 2021
2181,35,Male,Abu Dhabi,Silver,Website,25 September 2022
2182,45,Female,Dubai,Silver,Store,15 May 2023
2183,40,Male,Dubai,Gold,MobileApp,22 June 2021
2184,35,Male,Dubai,Silver,Website,10 December 2024
2185,20,Male,Dubai,Gold,Website,13 April 2021
2186,25,Male,Dubai,Silver,Store,09 June 2021
2187,25,Male,Dubai,Silver,Store,04 July 2024
2188,20,Female,Dubai,Silver,Store,15 December 2022
2189,30,Male,Abu Dhabi,Silver,Store,11 July 2022
2190,30,Male,Sharjah,Silver,Website,30 July 2022
2191,25,Male,Dubai,Silver,MobileApp,15 July 2021
2192,25,Female,Sharjah,Gold,Store,16 September 2023
2193,40,Male,Sharjah,Silver,Store,15 November 2024
2194,40,Male,Sharjah,Platinum,Website,23 July 2023
2195,25,Female,Sharjah,Silver,MobileApp,11 March 2021
2196,50,Male,Dubai,Gold,Store,13 September 2025
2197,55,Male,Dubai,Silver,Store,23 April 2023
2198,25,Male,Abu Dhabi,Silver,Store,04 September 2021
2199,25,Male,Abu Dhabi,Silver,Store,25 November 2021
2200,30,Male,Sharjah,Silver,Store,07 June 2021
2201,50,Female,Sharjah,Gold,Store,07 July 2023
2202,45,Male,Abu Dhabi,Gold,MobileApp,29 November 2022
2203,20,Female,Dubai,Gold,Website,13 January 2023
2204,25,Male,Dubai,Silver,Store,08 August 2022
2205,30,Male,Dubai,Gold,Website,24 February 2021
2206,30,Male,Abu Dhabi,Gold,Website,01 May 2022
2207,20,Female,Abu Dhabi,Platinum,Amazon.ae,20 June 2024
2208,45,Male,Sharjah,Gold,Store,08 October 2024
2209,35,Female,Abu Dhabi,Silver,MobileApp,14 February 2022
2210,40,Male,Sharjah,Silver,MobileApp,18 August 2023
2211,45,Male,Abu Dhabi,Silver,Store,24 June 2023
2212,35,Male,Sharjah,Gold,Amazon.ae,28 December 2022
2213,25,Male,Dubai,Silver,Website,05 November 2023
2214,35,Male,Sharjah,Gold,Website,27 May 2021
2215,20,Male,Abu Dhabi,Silver,Store,22 February 2025
2216,35,Female,Dubai,Silver,Store,07 August 2025
2217,20,Male,Dubai,Silver,Website,15 November 2023
2218,35,Female,Sharjah,Silver,Store,23 June 2025
2219,20,Male,Dubai,Gold,Website,11 September 2025
2220,20,Male,Dubai,Silver,Store,29 November 2021
2221,20,Female,Dubai,Gold,Website,12 April 2024
2222,18,Male,Abu Dhabi,Silver,Website,17 October 2021
2223,35,Male,Sharjah,Silver,Store,24 July 2022
2224,35,Female,Dubai,Gold,Website,02 March 2023
2225,30,Female,Dubai,Silver,Store,14 March 2024
2226,20,Male,Sharjah,Gold,Store,28 June 2023
2227,18,Male,Abu Dhabi,Gold,Store,20 February 2024
2228,18,Female,Sharjah,Gold,Store,27 January 2021
2229,20,Male,Dubai,Silver,Store,26 December 2023
2230,45,Female,Dubai,Silver,Amazon.ae,30 January 2024
2231,20,Male,Dubai,Gold,Store,15 July 2023
2232,25,Male,Abu Dhabi,Gold,Store,23 January 2022
2233,20,Female,Dubai,Gold,Store,23 January 2024
2234,20,Male,Dubai,Silver,Store,27 December 2023
2235,30,Male,Dubai,Silver,Website,07 September 2021
2236,35,Male,Dubai,Silver,Store,22 May 2021
2237,20,Female,Sharjah,Gold,Website,24 September 2021
2238,18,Female,Dubai,Silver,Store,25 April 2025
2239,25,Male,Abu Dhabi,Silver,MobileApp,03 August 2021
2240,20,Male,Sharjah,Gold,Store,04 May 2022
2241,20,Female,Dubai,Silver,Website,11 May 2022
2242,55,Female,Abu Dhabi,Silver,MobileApp,25 April 2022
2243,35,Female,Sharjah,Silver,Store,05 October 2022
2244,30,Male,Sharjah,Silver,MobileApp,22 February 2025
2245,25,Female,Dubai,Silver,Website,01 January 2021
2246,25,Female,Dubai,Silver,Store,30 October 2023
2247,30,Male,Dubai,Silver,Website,21 April 2023
2248,35,Male,Abu Dhabi,Silver,Noon,15 January 2022
2249,35,Male,Abu Dhabi,Silver,Website,24 April 2023
2250,20,Female,Abu Dhabi,Gold,Amazon.ae,13 March 2024
2251,30,Male,Dubai,Silver,Store,29 October 2021
2252,25,Female,Dubai,Silver,Website,12 October 2022
2253,45,Female,Abu Dhabi,Silver,Amazon.ae,11 December 2024
2254,35,Female,Dubai,Silver,Store,20 March 2023
2255,30,Female,Abu Dhabi,Silver,Noon,17 April 2024
2256,20,Female,Dubai,Silver,Store,25 July 2024
2257,35,Male,Dubai,Gold,Amazon.ae,13 March 2024
2258,20,Female,Dubai,Silver,Store,05 December 2021
2259,25,Male,Dubai,Gold,Store,22 January 2025
2260,20,Female,Dubai,Silver,Amazon.ae,22 September 2025
2261,35,Male,Dubai,Silver,Store,16 September 2024
2262,20,Female,Dubai,Silver,Store,17 July 2024
2263,25,Female,Dubai,Gold,Store,26 September 2023
2264,45,Female,Dubai,Silver,Website,25 April 2024
2265,20,Male,Abu Dhabi,Silver,Noon,28 October 2022
2266,30,Male,Dubai,Silver,Store,10 April 2024
2267,25,Female,Abu Dhabi,Silver,Website,08 February 2022
2268,18,Male,Abu Dhabi,Platinum,Store,31 January 2025
2269,40,Female,Abu Dhabi,Silver,MobileApp,04 September 2021
2270,18,Male,Sharjah,Gold,Store,27 March 2025
2271,30,Female,Dubai,Gold,Store,13 July 2022
2272,30,Male,Abu Dhabi,Silver,Store,17 February 2023
2273,35,Female,Sharjah,Silver,Website,21 April 2021
2274,35,Female,Sharjah,Gold,Amazon.ae,15 September 2023
2275,25,Male,Dubai,Silver,Website,24 March 2023
2276,18,Male,Dubai,Silver,Store,19 August 2024
2277,35,Male,Dubai,Gold,Website,19 July 2023
2278,30,Female,Abu Dhabi,Gold,MobileApp,05 June 2023
2279,40,Male,Abu Dhabi,Gold,Store,28 June 2023
2280,40,Female,Dubai,Gold,Store,05 February 2025
2281,40,Male,Abu Dhabi,Silver,Store,02 March 2023
2282,30,Male,Abu Dhabi,Silver,MobileApp,19 October 2021
2283,25,Male,Dubai,Silver,Website,29 June 2024
2284,40,Male,Sharjah,Gold,Website,31 May 2025
2285,30,Male,Abu Dhabi,Platinum,Store,24 June 2021
2286,20,Female,Dubai,Silver,Store,19 April 2021
2287,45,Female,Abu Dhabi,Silver,Noon,20 August 2023
2288,45,Male,Dubai,Silver,Store,25 September 2024
2289,30,Female,Abu Dhabi,Gold,Amazon.ae,28 April 2023
2290,18,Female,Sharjah,Silver,Website,04 November 2023
2291,25,Male,Sharjah,Silver,Store,24 November 2022
2292,40,Male,Dubai,Platinum,Website,07 September 2024
2293,50,Male,Dubai,Gold,Amazon.ae,22 August 2023
2294,20,Male,Dubai,Silver,Store,12 February 2021
2295,18,Female,Abu Dhabi,Platinum,Amazon.ae,06 April 2022
2296,45,Female,Dubai,Silver,Store,31 January 2024
2297,25,Male,Abu Dhabi,Silver,Website,07 July 2025
2298,30,Male,Dubai,Silver,MobileApp,06 December 2022
2299,55,Female,Dubai,Gold,Amazon.ae,30 October 2023
2300,18,Female,Dubai,Gold,Website,29 May 2021
2301,35,Female,Sharjah,Silver,Website,04 December 2021
2302,18,Female,Abu Dhabi,Platinum,Store,30 September 2023
2303,25,Male,Dubai,Silver,Store,12 August 2021
2304,40,Female,Dubai,Gold,Store,08 February 2024
2305,25,Female,Abu Dhabi,Gold,Store,20 December 2021
2306,60,Male,Dubai,Silver,Store,13 January 2024
2307,30,Female,Abu Dhabi,Silver,Store,09 July 2022
2308,25,Male,Sharjah,Gold,Noon,07 March 2021
2309,20,Male,Abu Dhabi,Silver,Website,12 November 2024
2310,25,Male,Abu Dhabi,Gold,Store,13 September 2022
2311,25,Male,Abu Dhabi,Silver,Noon,26 June 2025
2312,18,Male,Sharjah,Gold,Store,04 March 2024
2313,25,Male,Sharjah,Silver,Website,15 January 2024
2314,30,Male,Abu Dhabi,Silver,Website,25 March 2021
2315,35,Male,Dubai,Silver,Store,15 August 2021
2316,35,Male,Dubai,Gold,MobileApp,07 July 2024
2317,35,Male,Dubai,Silver,Store,11 June 2023
2318,18,Female,Abu Dhabi,Silver,Store,10 October 2023
2319,20,Male,Abu Dhabi,Platinum,Store,20 January 2021
2320,35,Male,Dubai,Gold,Amazon.ae,25 November 2023
2321,30,Female,Dubai,Silver,Website,25 January 2023
2322,18,Female,Dubai,Platinum,Website,06 January 2025
2323,40,Female,Sharjah,Gold,Website,30 July 2023
2324,40,Male,Abu Dhabi,Silver,Store,27 September 2021
2325,30,Male,Abu Dhabi,Silver,Website,25 October 2025
2326,18,Female,Dubai,Gold,Store,10 February 2022
2327,40,Male,Abu Dhabi,Gold,Store,12 March 2025
2328,30,Male,Dubai,Silver,Website,31 October 2021
2329,40,Male,Abu Dhabi,Silver,Store,21 August 2025
2330,40,Female,Dubai,Silver,Store,01 August 2024
2331,40,Male,Dubai,Silver,MobileApp,21 April 2025
2332,30,Female,Dubai,Silver,Website,06 October 2023
2333,20,Female,Dubai,Silver,Website,21 March 2023
2334,35,Male,Sharjah,Gold,Store,19 November 2023
2335,35,Female,Dubai,Gold,Store,26 January 2022
2336,35,Female,Dubai,Silver,Website,10 December 2024
2337,20,Female,Abu Dhabi,Silver,MobileApp,28 June 2023
2338,20,Male,Sharjah,Silver,Website,22 May 2021
2339,45,Female,Dubai,Silver,Noon,08 October 2022
2340,35,Male,Abu Dhabi,Platinum,Noon,07 August 2025
2341,50,Female,Sharjah,Gold,Store,20 March 2023
2342,40,Male,Dubai,Silver,MobileApp,06 August 2023
2343,30,Male,Dubai,Silver,Website,26 September 2024
2344,35,Female,Dubai,Silver,Website,02 September 2021
2345,45,Female,Sharjah,Gold,Store,05 February 2023
2346,30,Female,Dubai,Silver,Website,26 May 2023
2347,35,Male,Dubai,Gold,Amazon.ae,01 July 2023
2348,20,Male,Abu Dhabi,Gold,MobileApp,26 October 2023
2349,30,Female,Abu Dhabi,Silver,MobileApp,09 July 2023
2350,35,Female,Dubai,Gold,Store,28 July 2023
2351,25,Female,Abu Dhabi,Gold,Store,25 March 2022
2352,20,Male,Dubai,Gold,Store,23 September 2021
2353,25,Male,Dubai,Platinum,Store,23 February 2025
2354,20,Female,Abu Dhabi,Silver,Website,16 June 2024
2355,20,Female,Sharjah,Silver,Store,07 September 2021
2356,25,Male,Dubai,Gold,Website,13 August 2023
2357,50,Female,Sharjah,Gold,Store,07 August 2024
2358,30,Male,Abu Dhabi,Platinum,Store,27 June 2022
2359,20,Male,Dubai,Silver,Store,24 September 2022
2360,18,Male,Abu Dhabi,Gold,Amazon.ae,08 January 2024
2361,35,Male,Dubai,Silver,Store,26 June 2023
2362,25,Male,Sharjah,Silver,Store,05 June 2022
2363,40,Male,Sharjah,Silver,MobileApp,13 January 2025
2364,35,Male,Dubai,Silver,Noon,29 April 2025
2365,40,Female,Dubai,Silver,MobileApp,03 June 2023
2366,25,Male,Dubai,Gold,Store,04 January 2023
2367,35,Male,Dubai,Silver,Store,24 May 2021
2368,25,Male,Dubai,Silver,Noon,18 February 2024
2369,50,Male,Dubai,Silver,MobileApp,02 August 2023
2370,35,Female,Abu Dhabi,Silver,Website,19 July 2022
2371,25,Male,Dubai,Platinum,Store,20 May 2025
2372,25,Female,Sharjah,Silver,Store,14 April 2024
2373,20,Female,Sharjah,Silver,Store,11 March 2021
2374,35,Male,Dubai,Gold,Website,25 September 2022
2375,20,Male,Sharjah,Gold,Store,08 June 2023
2376,30,Male,Dubai,Gold,Noon,11 May 2024
2377,25,Male,Dubai,Gold,Store,12 March 2023
2378,35,Female,Abu Dhabi,Platinum,MobileApp,29 June 2021
2379,40,Female,Dubai,Silver,Store,16 August 2022
2380,40,Male,Abu Dhabi,Platinum,Website,21 July 2022
2381,40,Male,Sharjah,Gold,Store,22 November 2022
2382,20,Male,Sharjah,Silver,MobileApp,22 June 2025
2383,18,Female,Abu Dhabi,Gold,Website,08 February 2024
2384,35,Male,Abu Dhabi,Gold,Store,18 December 2024
2385,25,Male,Dubai,Silver,MobileApp,27 October 2022
2386,25,Male,Dubai,Silver,Website,07 March 2025
2387,18,Female,Abu Dhabi,Platinum,Amazon.ae,10 February 2022
2388,25,Female,Dubai,Silver,Amazon.ae,13 September 2023
2389,18,Male,Dubai,Silver,Amazon.ae,29 September 2022
2390,45,Male,Dubai,Gold,Store,20 January 2024
2391,20,Female,Abu Dhabi,Silver,Store,10 August 2024
2392,30,Male,Dubai,Silver,Noon,17 November 2024
2393,18,Female,Abu Dhabi,Gold,Website,27 November 2023
2394,35,Male,Dubai,Gold,Store,01 June 2022
2395,25,Female,Dubai,Silver,MobileApp,30 April 2023
2396,45,Male,Dubai,Platinum,Store,13 August 2025
2397,45,Female,Dubai,Silver,MobileApp,27 June 2023
2398,25,Female,Sharjah,Silver,MobileApp,12 November 2021
2399,50,Female,Dubai,Silver,MobileApp,10 April 2024
2400,60,Female,Dubai,Gold,Store,30 November 2024
2401,40,Female,Abu Dhabi,Silver,Store,09 July 2024
2402,40,Male,Dubai,Silver,Store,16 February 2025
2403,20,Female,Dubai,Gold,Website,27 January 2021
2404,30,Female,Dubai,Silver,Store,27 February 2025
2405,18,Male,Sharjah,Gold,Website,24 February 2021
2406,18,Female,Abu Dhabi,Silver,Website,06 September 2021
2407,60,Female,Dubai,Platinum,Website,30 September 2021
2408,25,Male,Dubai,Silver,MobileApp,06 July 2024
2409,35,Male,Dubai,Silver,Website,10 July 2021
2410,40,Male,Dubai,Silver,Store,29 July 2022
2411,45,Male,Abu Dhabi,Gold,Website,07 May 2023
2412,60,Male,Sharjah,Gold,MobileApp,09 January 2025
2413,20,Male,Dubai,Silver,Store,06 March 2025
2414,18,Male,Sharjah,Gold,Website,08 September 2022
2415,25,Male,Dubai,Silver,Store,17 November 2024
2416,20,Female,Dubai,Platinum,Store,02 December 2024
2417,18,Male,Dubai,Platinum,Amazon.ae,15 October 2023
2418,25,Male,Dubai,Platinum,Amazon.ae,04 November 2022
2419,40,Male,Sharjah,Gold,Website,14 November 2022
2420,30,Male,Dubai,Platinum,MobileApp,19 April 2021
2421,25,Female,Dubai,Silver,Amazon.ae,14 October 2022
2422,35,Female,Sharjah,Gold,Noon,17 June 2025
2423,20,Female,Sharjah,Gold,Website,08 September 2023
2424,18,Male,Abu Dhabi,Platinum,Website,01 February 2024
2425,40,Female,Sharjah,Silver,Store,14 August 2021
2426,35,Male,Dubai,Silver,Store,19 December 2021
2427,40,Male,Sharjah,Silver,Store,29 March 2024
2428,18,Male,Abu Dhabi,Gold,MobileApp,28 November 2024
2429,40,Male,Sharjah,Silver,MobileApp,27 September 2025
2430,35,Male,Abu Dhabi,Silver,Amazon.ae,09 September 2024
2431,30,Male,Dubai,Silver,Store,25 May 2021
2432,35,Female,Abu Dhabi,Silver,Website,28 January 2025
2433,45,Male,Dubai,Silver,Store,04 July 2023
2434,30,Male,Dubai,Silver,Store,01 March 2024
2435,30,Male,Dubai,Platinum,Amazon.ae,22 January 2024
2436,60,Female,Sharjah,Gold,Website,30 September 2021
2437,40,Male,Dubai,Silver,MobileApp,24 September 2025
2438,25,Female,Abu Dhabi,Gold,Store,18 June 2022
2439,35,Female,Dubai,Gold,Store,02 May 2024
2440,25,Male,Sharjah,Silver,Website,08 April 2024
2441,20,Male,Dubai,Silver,Store,05 April 2022
2442,30,Male,Abu Dhabi,Gold,Store,30 July 2023
2443,50,Female,Sharjah,Silver,Store,01 November 2023
2444,50,Male,Dubai,Gold,Website,30 June 2021
2445,25,Male,Dubai,Silver,Noon,09 June 2024
2446,30,Male,Abu Dhabi,Silver,MobileApp,29 January 2021
2447,20,Female,Sharjah,Platinum,Noon,16 June 2022
2448,60,Male,Abu Dhabi,Silver,MobileApp,26 October 2023
2449,60,Male,Dubai,Gold,Amazon.ae,19 April 2025
2450,35,Female,Sharjah,Silver,Website,20 May 2021
2451,40,Female,Dubai,Silver,Website,18 November 2023
2452,35,Female,Abu Dhabi,Silver,Store,08 April 2021
2453,30,Male,Sharjah,Silver,MobileApp,19 September 2021
2454,18,Female,Dubai,Silver,Store,19 January 2021
2455,30,Female,Abu Dhabi,Silver,Store,12 January 2021
2456,35,Male,Abu Dhabi,Silver,Amazon.ae,21 June 2022
2457,35,Female,Sharjah,Gold,Store,29 March 2025
2458,25,Male,Dubai,Silver,Noon,28 January 2025
2459,50,Female,Dubai,Gold,MobileApp,31 May 2025
2460,20,Male,Sharjah,Silver,Store,16 September 2021
2461,30,Female,Dubai,Silver,Website,24 January 2021
2462,35,Male,Dubai,Gold,MobileApp,29 October 2023
2463,35,Female,Sharjah,Silver,Store,16 August 2021
2464,35,Male,Dubai,Silver,MobileApp,11 January 2022
2465,25,Female,Sharjah,Silver,MobileApp,21 February 2024
2466,20,Female,Dubai,Gold,Store,19 January 2024
2467,35,Male,Dubai,Gold,Store,19 January 2025
2468,30,Female,Abu Dhabi,Silver,Store,12 August 2021
2469,20,Female,Abu Dhabi,Silver,Store,06 January 2023
2470,35,Male,Abu Dhabi,Gold,Store,14 September 2021
2471,30,Male,Abu Dhabi,Silver,MobileApp,30 May 2022
2472,35,Male,Sharjah,Silver,Store,13 April 2023
2473,40,Male,Dubai,Silver,Amazon.ae,17 March 2024
2474,20,Male,Dubai,Silver,Store,11 November 2024
2475,18,Male,Dubai,Silver,Website,02 December 2022
2476,40,Male,Abu Dhabi,Gold,Website,30 June 2023
2477,35,Male,Dubai,Silver,Amazon.ae,30 November 2022
2478,35,Male,Dubai,Silver,Website,14 March 2022
2479,40,Female,Dubai,Platinum,Store,20 September 2025
2480,40,Female,Dubai,Silver,Amazon.ae,18 July 2025
2481,55,Male,Dubai,Silver,Store,06 February 2021
2482,30,Female,Abu Dhabi,Silver,Store,12 August 2025
2483,30,Female,Dubai,Gold,Store,16 April 2021
2484,25,Female,Sharjah,Silver,MobileApp,07 September 2022
2485,20,Male,Abu Dhabi,Silver,Store,20 August 2021
2486,30,Male,Dubai,Platinum,Website,17 May 2023
2487,25,Female,Abu Dhabi,Gold,Website,15 March 2024
2488,50,Female,Dubai,Gold,Amazon.ae,07 November 2023
2489,30,Female,Abu Dhabi,Silver,Store,28 March 2024
2490,30,Female,Sharjah,Silver,Store,18 August 2023
2491,25,Male,Abu Dhabi,Silver,Store,29 July 2024
2492,18,Male,Abu Dhabi,Silver,Store,05 October 2021
2493,18,Male,Dubai,Gold,MobileApp,05 May 2021
2494,25,Male,Dubai,Silver,Website,05 September 2025
2495,18,Female,Sharjah,Gold,MobileApp,14 December 2024
2496,35,Male,Dubai,Silver,MobileApp,05 September 2024
2497,45,Male,Dubai,Silver,Amazon.ae,06 November 2022
2498,45,Female,Dubai,Gold,Store,16 December 2022
2499,35,Male,Abu Dhabi,Silver,Noon,14 February 2025
2500,20,Female,Dubai,Gold,Store,29 October 2022
2501,45,Female,Sharjah,Platinum,MobileApp,09 September 2024
2502,45,Female,Dubai,Silver,Website,02 July 2023
2503,20,Male,Dubai,Silver,MobileApp,30 January 2022
2504,35,Male,Abu Dhabi,Silver,Website,12 February 2023
2505,25,Male,Dubai,Gold,MobileApp,05 July 2021
2506,40,Male,Abu Dhabi,Silver,Amazon.ae,11 April 2022
2507,60,Male,Dubai,Gold,MobileApp,17 December 2023
2508,18,Female,Dubai,Silver,MobileApp,19 October 2025
2509,45,Male,Dubai,Gold,Store,03 April 2022
2510,35,Female,Sharjah,Gold,Store,28 September 2023
2511,55,Male,Abu Dhabi,Silver,Noon,16 May 2024
2512,30,Female,Abu Dhabi,Silver,Website,04 October 2025
2513,40,Female,Dubai,Silver,Website,15 March 2021
2514,18,Male,Abu Dhabi,Silver,Store,16 February 2025
2515,25,Male,Dubai,Silver,Store,14 January 2024
2516,18,Female,Sharjah,Silver,Store,24 September 2022
2517,55,Female,Abu Dhabi,Platinum,Website,04 November 2023
2518,40,Female,Abu Dhabi,Platinum,Store,20 April 2023
2519,45,Male,Dubai,Gold,Store,23 July 2025
2520,50,Male,Abu Dhabi,Silver,Website,01 July 2023
2521,18,Female,Dubai,Gold,Website,05 March 2023
2522,25,Female,Sharjah,Silver,Store,18 February 2021
2523,18,Male,Dubai,Silver,Website,20 December 2024
2524,20,Female,Dubai,Silver,Amazon.ae,24 August 2023
2525,20,Male,Dubai,Silver,Website,25 December 2021
2526,30,Male,Dubai,Silver,Amazon.ae,30 August 2021
2527,25,Male,Dubai,Silver,Amazon.ae,13 December 2023
2528,20,Male,Sharjah,Platinum,Store,29 December 2023
2529,20,Male,Abu Dhabi,Silver,Store,25 April 2025
2530,20,Male,Sharjah,Platinum,Website,16 September 2025
2531,55,Male,Sharjah,Silver,Website,27 July 2025
2532,40,Female,Dubai,Silver,Store,25 February 2021
2533,55,Female,Abu Dhabi,Silver,Store,29 May 2023
2534,25,Female,Dubai,Gold,Website,19 January 2025
2535,25,Female,Sharjah,Silver,Store,12 September 2021
2536,40,Male,Dubai,Silver,Noon,05 January 2021
2537,25,Female,Dubai,Silver,Store,24 May 2025
2538,25,Female,Dubai,Silver,Amazon.ae,12 December 2023
2539,20,Male,Dubai,Gold,Store,25 November 2021
2540,20,Male,Dubai,Silver,Store,08 April 2021
2541,25,Male,Dubai,Silver,Store,30 March 2024
2542,25,Female,Abu Dhabi,Gold,Noon,30 November 2024
2543,35,Male,Sharjah,Silver,Store,08 September 2023
2544,18,Female,Dubai,Gold,Website,30 September 2023
2545,20,Female,Dubai,Gold,Amazon.ae,22 February 2023
2546,40,Female,Sharjah,Platinum,Website,31 July 2022
2547,20,Female,Dubai,Silver,Store,23 November 2021
2548,25,Female,Sharjah,Gold,Noon,31 August 2021
2549,45,Male,Dubai,Silver,Amazon.ae,08 March 2025
2550,20,Male,Abu Dhabi,Gold,Store,02 January 2022
2551,18,Female,Abu Dhabi,Silver,Website,13 February 2023
2552,30,Male,Abu Dhabi,Silver,Noon,25 December 2022
2553,25,Male,Sharjah,Gold,Noon,05 January 2025
2554,30,Male,Dubai,Silver,Store,23 March 2024
2555,40,Female,Dubai,Gold,MobileApp,22 August 2021
2556,20,Male,Abu Dhabi,Gold,Store,14 October 2022
2557,30,Female,Sharjah,Silver,Store,29 November 2021
2558,30,Male,Dubai,Silver,Store,10 May 2022
2559,20,Male,Sharjah,Silver,Store,13 February 2024
2560,35,Female,Dubai,Platinum,Website,04 January 2022
2561,25,Male,Dubai,Silver,Website,18 September 2024
2562,30,Female,Abu Dhabi,Silver,Store,28 February 2024
2563,18,Female,Dubai,Gold,Store,16 April 2024
2564,30,Female,Abu Dhabi,Platinum,Store,05 April 2021
2565,25,Male,Dubai,Gold,Noon,02 September 2024
2566,40,Female,Dubai,Gold,Amazon.ae,26 June 2023
2567,18,Female,Abu Dhabi,Silver,Store,30 January 2024
2568,25,Female,Abu Dhabi,Silver,Amazon.ae,04 May 2024
2569,30,Male,Dubai,Silver,Store,13 March 2023
2570,35,Male,Dubai,Gold,Website,27 July 2021
2571,30,Female,Dubai,Gold,Noon,30 August 2022
2572,35,Female,Dubai,Gold,Store,18 April 2022
2573,40,Male,Sharjah,Gold,Website,27 June 2025
2574,45,Male,Sharjah,Silver,Store,29 October 2023
2575,25,Male,Dubai,Silver,Store,16 May 2021
2576,30,Male,Dubai,Silver,Website,02 September 2022
2577,40,Male,Sharjah,Silver,Noon,30 June 2023
2578,60,Male,Abu Dhabi,Gold,Website,18 September 2021
2579,45,Female,Abu Dhabi,Silver,Amazon.ae,16 March 2024
2580,25,Male,Abu Dhabi,Gold,Amazon.ae,03 April 2022
2581,20,Female,Dubai,Gold,Store,17 September 2025
2582,30,Male,Dubai,Silver,Store,01 January 2025
2583,35,Male,Sharjah,Silver,Website,07 December 2024
2584,30,Male,Abu Dhabi,Silver,Website,04 March 2025
2585,30,Male,Dubai,Silver,Store,20 August 2021
2586,40,Female,Dubai,Gold,Noon,11 April 2021
2587,25,Female,Dubai,Silver,MobileApp,27 May 2021
2588,45,Male,Abu Dhabi,Gold,Store,18 December 2022
2589,25,Male,Dubai,Gold,Website,22 May 2022
2590,25,Male,Dubai,Silver,Store,12 July 2022
2591,30,Female,Sharjah,Gold,Website,14 April 2021
2592,40,Female,Dubai,Gold,Amazon.ae,02 December 2021
2593,20,Male,Dubai,Gold,Amazon.ae,22 March 2022
2594,20,Female,Dubai,Silver,Store,04 January 2023
2595,55,Female,Dubai,Silver,Website,20 March 2022
2596,20,Male,Dubai,Silver,Website,28 April 2021
2597,30,Male,Sharjah,Silver,Store,21 March 2025
2598,30,Female,Sharjah,Gold,Store,18 July 2023
2599,30,Female,Dubai,Gold,Website,24 December 2022
2600,35,Male,Dubai,Platinum,Website,21 July 2022
2601,20,Male,Abu Dhabi,Silver,Store,04 April 2025
2602,30,Male,Dubai,Silver,Store,29 March 2021
2603,25,Male,Dubai,Gold,Store,11 July 2025
2604,35,Female,Sharjah,Silver,Store,21 April 2022
2605,20,Male,Dubai,Silver,Website,02 September 2025
2606,30,Female,Dubai,Silver,Store,17 February 2025
2607,20,Female,Dubai,Silver,Store,13 August 2025
2608,25,Male,Dubai,Gold,Amazon.ae,22 October 2021
2609,20,Male,Dubai,Silver,Store,21 December 2022
2610,20,Male,Dubai,Gold,Website,05 November 2024
2611,40,Female,Dubai,Gold,Noon,22 September 2023
2612,25,Male,Abu Dhabi,Silver,Website,30 July 2024
2613,50,Female,Dubai,Platinum,MobileApp,24 April 2023
2614,55,Female,Dubai,Silver,Store,17 November 2022
2615,30,Male,Abu Dhabi,Platinum,Store,01 October 2022
2616,20,Female,Sharjah,Silver,Website,25 March 2024
2617,25,Female,Dubai,Gold,Website,18 April 2024
2618,40,Male,Dubai,Silver,Store,19 August 2023
2619,25,Male,Dubai,Gold,Website,24 July 2023
2620,18,Female,Abu Dhabi,Gold,Amazon.ae,09 June 2023
2621,30,Female,Dubai,Silver,Store,03 July 2023
2622,40,Male,Dubai,Platinum,Website,16 January 2024
2623,40,Male,Dubai,Silver,Website,10 February 2022
2624,20,Male,Dubai,Silver,MobileApp,28 February 2025
2625,35,Female,Dubai,Gold,MobileApp,14 July 2024
2626,20,Male,Dubai,Gold,MobileApp,06 June 2025
2627,20,Male,Sharjah,Silver,Store,24 December 2023
2628,45,Female,Abu Dhabi,Silver,Store,29 April 2021
2629,20,Male,Dubai,Platinum,Store,07 December 2021
2630,25,Female,Dubai,Gold,Website,09 November 2021
2631,18,Male,Dubai,Silver,MobileApp,12 June 2021
2632,45,Female,Dubai,Silver,Noon,09 March 2025
2633,40,Male,Sharjah,Platinum,Website,20 October 2021
2634,35,Female,Sharjah,Gold,Website,21 November 2022
2635,40,Female,Dubai,Platinum,Website,01 November 2024
2636,20,Male,Dubai,Silver,Store,15 April 2025
2637,30,Male,Dubai,Gold,Website,25 November 2024
2638,25,Male,Abu Dhabi,Gold,Website,04 November 2022
2639,18,Male,Abu Dhabi,Silver,Noon,24 November 2024
2640,30,Female,Sharjah,Silver,Store,03 February 2022
2641,50,Female,Abu Dhabi,Gold,Noon,28 June 2023
2642,18,Male,Dubai,Silver,Website,02 May 2022
2643,25,Female,Abu Dhabi,Gold,Store,19 March 2025
2644,20,Female,Abu Dhabi,Gold,Store,14 November 2023
2645,20,Female,Abu Dhabi,Gold,Store,19 December 2023
2646,50,Male,Dubai,Gold,Website,19 January 2023
2647,30,Male,Abu Dhabi,Silver,Store,28 August 2021
2648,30,Male,Abu Dhabi,Silver,Store,07 November 2021
2649,40,Male,Abu Dhabi,Gold,Noon,17 November 2021
2650,20,Male,Abu Dhabi,Silver,Website,03 November 2022
2651,30,Male,Abu Dhabi,Silver,MobileApp,13 February 2025
2652,25,Male,Abu Dhabi,Silver,Store,26 July 2022
2653,30,Female,Abu Dhabi,Silver,Website,18 February 2022
2654,60,Male,Abu Dhabi,Gold,Store,07 September 2024
2655,40,Male,Dubai,Silver,Amazon.ae,06 February 2022
2656,25,Male,Dubai,Silver,Store,28 February 2021
2657,40,Male,Dubai,Platinum,Website,22 February 2021
2658,20,Female,Abu Dhabi,Gold,Website,24 December 2023
2659,18,Male,Abu Dhabi,Gold,Website,25 September 2022
2660,20,Male,Sharjah,Gold,MobileApp,17 February 2024
2661,25,Male,Dubai,Gold,Store,13 October 2021
2662,30,Male,Dubai,Gold,Store,18 January 2021
2663,35,Male,Dubai,Silver,MobileApp,26 October 2023
2664,50,Female,Dubai,Platinum,Website,16 November 2024
2665,30,Male,Abu Dhabi,Silver,Store,09 June 2021
2666,30,Male,Dubai,Platinum,Store,22 May 2021
2667,18,Male,Abu Dhabi,Silver,MobileApp,01 February 2022
2668,18,Male,Abu Dhabi,Silver,Noon,08 November 2023
2669,30,Female,Dubai,Silver,Website,03 August 2022
2670,25,Female,Sharjah,Silver,Amazon.ae,12 February 2024
2671,40,Female,Dubai,Gold,Website,18 June 2022
2672,20,Male,Dubai,Platinum,Store,05 April 2025
2673,18,Male,Sharjah,Platinum,Store,30 June 2023
2674,25,Female,Sharjah,Platinum,Website,06 April 2022
2675,20,Female,Dubai,Silver,Website,22 June 2025
2676,18,Male,Dubai,Platinum,MobileApp,29 June 2025
2677,35,Male,Dubai,Silver,Website,13 October 2021
2678,20,Male,Dubai,Gold,Noon,26 October 2023
2679,35,Male,Sharjah,Silver,Website,09 May 2021
2680,25,Male,Abu Dhabi,Silver,Store,14 August 2023
2681,20,Male,Dubai,Platinum,Store,02 November 2022
2682,25,Female,Sharjah,Platinum,Website,14 May 2022
2683,40,Male,Dubai,Gold,Amazon.ae,03 October 2021
2684,25,Male,Dubai,Gold,Store,12 January 2024
2685,40,Male,Sharjah,Silver,Noon,16 February 2024
2686,20,Female,Sharjah,Gold,Noon,29 January 2021
2687,40,Male,Sharjah,Gold,Website,02 October 2023
2688,20,Female,Abu Dhabi,Silver,Store,13 October 2024
2689,35,Male,Abu Dhabi,Silver,Store,12 October 2022
2690,30,Female,Dubai,Silver,Store,26 March 2024
2691,50,Male,Abu Dhabi,Gold,Store,31 January 2021
2692,25,Male,Sharjah,Silver,Website,23 April 2023
2693,18,Male,Dubai,Silver,Store,02 August 2024
2694,18,Male,Abu Dhabi,Silver,MobileApp,16 August 2025
2695,40,Male,Dubai,Silver,Store,02 December 2021
2696,30,Female,Dubai,Gold,Store,24 July 2022
2697,40,Male,Abu Dhabi,Gold,Website,09 November 2021
2698,20,Male,Dubai,Silver,Noon,22 August 2022
2699,25,Male,Abu Dhabi,Silver,Website,21 February 2024
2700,18,Female,Dubai,Silver,Website,23 September 2025
2701,55,Female,Sharjah,Gold,MobileApp,15 May 2023
2702,35,Female,Dubai,Silver,MobileApp,06 January 2022
2703,50,Male,Dubai,Silver,Amazon.ae,16 March 2023
2704,25,Female,Dubai,Gold,Store,10 November 2021
2705,35,Female,Sharjah,Silver,Amazon.ae,28 January 2021
2706,35,Female,Abu Dhabi,Gold,Store,24 March 2024
2707,25,Male,Abu Dhabi,Silver,Amazon.ae,24 August 2023
2708,40,Male,Dubai,Gold,Store,07 June 2024
2709,50,Male,Dubai,Silver,Amazon.ae,22 April 2025
2710,45,Male,Dubai,Silver,Noon,27 October 2023
2711,35,Female,Abu Dhabi,Silver,Store,18 April 2022
2712,25,Male,Dubai,Gold,Noon,03 September 2024
2713,25,Male,Sharjah,Platinum,Store,02 June 2024
2714,55,Female,Abu Dhabi,Silver,Store,23 November 2023
2715,18,Female,Dubai,Gold,Store,30 March 2021
2716,35,Male,Dubai,Gold,Noon,19 September 2024
2717,35,Female,Abu Dhabi,Platinum,Website,09 February 2021
2718,35,Male,Dubai,Gold,Website,12 November 2022
2719,60,Female,Dubai,Silver,Website,10 January 2022
2720,25,Female,Dubai,Gold,Noon,14 August 2024
2721,25,Male,Abu Dhabi,Silver,MobileApp,25 September 2023
2722,18,Female,Abu Dhabi,Silver,Store,28 January 2022
2723,25,Female,Dubai,Silver,Store,08 November 2023
2724,25,Male,Dubai,Platinum,Store,31 March 2025
2725,25,Male,Dubai,Platinum,Website,12 May 2021
2726,40,Female,Abu Dhabi,Gold,Store,17 October 2021
2727,50,Male,Dubai,Platinum,Store,17 March 2023
2728,20,Male,Dubai,Gold,Amazon.ae,28 July 2021
2729,25,Female,Sharjah,Silver,Store,23 November 2021
2730,50,Female,Sharjah,Silver,Website,19 September 2023
2731,18,Male,Sharjah,Silver,Store,18 May 2022
2732,18,Male,Sharjah,Silver,Store,06 October 2021
2733,20,Male,Dubai,Silver,Store,06 November 2024
2734,30,Male,Dubai,Silver,Store,27 February 2023
2735,20,Male,Dubai,Gold,Amazon.ae,04 October 2023
2736,55,Female,Dubai,Gold,Store,10 August 2023
2737,25,Male,Sharjah,Gold,Store,25 August 2024
2738,30,Male,Abu Dhabi,Platinum,MobileApp,04 October 2021
2739,20,Male,Abu Dhabi,Silver,MobileApp,05 January 2024
2740,30,Female,Dubai,Gold,MobileApp,25 October 2021
2741,35,Male,Sharjah,Silver,Noon,02 November 2024
2742,40,Male,Sharjah,Silver,MobileApp,09 March 2022
2743,40,Male,Dubai,Platinum,Store,07 October 2023
2744,30,Female,Sharjah,Silver,MobileApp,10 February 2024
2745,50,Female,Dubai,Silver,Website,01 January 2024
2746,40,Male,Dubai,Silver,Store,13 November 2021
2747,40,Male,Abu Dhabi,Gold,Store,11 November 2023
2748,18,Male,Abu Dhabi,Platinum,Store,26 April 2024
2749,18,Male,Dubai,Silver,Store,01 May 2021
2750,20,Male,Dubai,Gold,Store,27 September 2024
2751,35,Male,Sharjah,Silver,Store,15 October 2022
2752,25,Male,Abu Dhabi,Silver,Amazon.ae,31 October 2021
2753,25,Male,Abu Dhabi,Silver,Amazon.ae,25 July 2023
2754,45,Male,Dubai,Gold,Website,10 January 2025
2755,45,Female,Dubai,Silver,MobileApp,06 October 2025
2756,50,Male,Dubai,Silver,Store,22 December 2022
2757,25,Male,Dubai,Silver,Amazon.ae,11 May 2022
2758,35,Male,Dubai,Silver,Website,25 March 2025
2759,25,Female,Dubai,Gold,Store,04 July 2021
2760,20,Female,Abu Dhabi,Silver,Store,07 June 2023
2761,20,Male,Dubai,Silver,Store,19 March 2023
2762,25,Male,Sharjah,Silver,Store,28 November 2021
2763,25,Male,Dubai,Silver,Store,14 December 2022
2764,40,Male,Dubai,Gold,Store,30 July 2022
2765,20,Male,Dubai,Silver,Store,16 December 2021
2766,35,Female,Dubai,Silver,Store,18 April 2023
2767,30,Male,Dubai,Silver,Noon,16 November 2021
2768,25,Female,Sharjah,Silver,Store,21 June 2022
2769,30,Male,Abu Dhabi,Gold,Store,16 February 2022
2770,25,Female,Dubai,Gold,Website,25 June 2023
2771,30,Female,Dubai,Gold,Amazon.ae,25 March 2024
2772,25,Male,Abu Dhabi,Silver,Store,23 October 2025
2773,20,Male,Abu Dhabi,Gold,Amazon.ae,02 August 2025
2774,20,Male,Dubai,Gold,Store,17 June 2022
2775,30,Male,Abu Dhabi,Silver,Store,17 May 2022
2776,50,Male,Sharjah,Gold,Store,18 February 2025
2777,25,Female,Abu Dhabi,Gold,Website,23 March 2024
2778,35,Male,Sharjah,Silver,Store,03 July 2023
2779,35,Female,Sharjah,Silver,Website,28 December 2023
2780,50,Male,Sharjah,Gold,Store,24 February 2025
2781,40,Female,Dubai,Silver,MobileApp,01 December 2023
2782,30,Male,Abu Dhabi,Gold,Store,11 June 2022
2783,35,Female,Abu Dhabi,Gold,Website,07 April 2024
2784,45,Male,Abu Dhabi,Gold,Website,28 July 2025
2785,25,Male,Sharjah,Silver,Website,12 December 2022
2786,25,Female,Dubai,Silver,Store,20 January 2023
2787,18,Male,Dubai,Silver,MobileApp,14 August 2023
2788,40,Female,Dubai,Gold,MobileApp,22 April 2021
2789,40,Female,Dubai,Gold,Store,08 April 2022
2790,20,Male,Dubai,Gold,Noon,21 February 2021
2791,30,Male,Abu Dhabi,Silver,Website,31 July 2025
2792,30,Female,Dubai,Platinum,Website,12 September 2021
2793,20,Male,Abu Dhabi,Platinum,Store,09 July 2025
2794,60,Female,Abu Dhabi,Silver,Website,27 March 2024
2795,20,Female,Dubai,Silver,Store,27 October 2021
2796,18,Male,Dubai,Gold,Store,16 August 2023
2797,30,Male,Abu Dhabi,Gold,Store,03 March 2022
2798,35,Female,Abu Dhabi,Platinum,MobileApp,17 September 2023
2799,18,Male,Sharjah,Silver,Store,03 November 2021
2800,35,Male,Sharjah,Silver,MobileApp,09 April 2021
2801,30,Male,Sharjah,Gold,Store,01 May 2021
2802,20,Male,Abu Dhabi,Gold,Store,14 June 2025
2803,20,Male,Sharjah,Gold,MobileApp,20 November 2023
2804,30,Male,Sharjah,Platinum,Website,18 August 2021
2805,25,Female,Sharjah,Silver,Store,13 October 2022
2806,50,Male,Dubai,Gold,Store,01 July 2024
2807,40,Male,Sharjah,Silver,Store,28 November 2024
2808,60,Female,Dubai,Silver,Website,26 February 2025
2809,25,Female,Abu Dhabi,Silver,Store,21 November 2023
2810,55,Female,Dubai,Gold,MobileApp,31 March 2024
2811,25,Male,Dubai,Platinum,Website,26 December 2024
2812,25,Female,Dubai,Silver,Store,25 March 2024
2813,18,Male,Dubai,Silver,Store,08 September 2024
2814,18,Male,Dubai,Gold,Store,21 September 2022
2815,35,Male,Sharjah,Gold,Store,29 April 2024
2816,30,Male,Dubai,Platinum,Website,14 April 2024
2817,20,Female,Dubai,Silver,Website,06 August 2023
2818,35,Male,Dubai,Silver,MobileApp,01 June 2022
2819,25,Female,Abu Dhabi,Silver,Store,25 April 2023
2820,30,Female,Dubai,Silver,Amazon.ae,28 March 2025
2821,25,Female,Dubai,Silver,Store,14 May 2025
2822,40,Male,Dubai,Silver,Store,13 April 2023
2823,40,Female,Abu Dhabi,Silver,Website,31 March 2023
2824,30,Male,Dubai,Silver,MobileApp,22 March 2023
2825,25,Male,Dubai,Platinum,Store,01 February 2023
2826,25,Female,Dubai,Silver,MobileApp,24 September 2024
2827,40,Male,Sharjah,Silver,Amazon.ae,17 June 2025
2828,25,Male,Dubai,Gold,MobileApp,15 November 2021
2829,20,Female,Abu Dhabi,Gold,Store,21 April 2021
2830,18,Male,Dubai,Gold,MobileApp,18 March 2023
2831,30,Female,Dubai,Gold,MobileApp,05 February 2025
2832,30,Male,Dubai,Gold,Website,07 November 2023
2833,40,Male,Dubai,Gold,MobileApp,28 May 2024
2834,20,Male,Dubai,Gold,Noon,02 May 2022
2835,25,Male,Dubai,Gold,Store,22 March 2023
2836,40,Male,Dubai,Silver,Store,21 August 2024
2837,40,Female,Abu Dhabi,Silver,Website,01 June 2022
2838,25,Male,Sharjah,Gold,Store,27 February 2024
2839,30,Female,Dubai,Silver,Store,15 April 2023
2840,25,Male,Abu Dhabi,Platinum,Website,16 September 2022
2841,50,Male,Sharjah,Silver,Store,14 November 2023
2842,20,Female,Sharjah,Silver,Website,14 April 2025
2843,50,Female,Dubai,Platinum,MobileApp,01 March 2024
2844,35,Male,Abu Dhabi,Silver,Store,10 July 2022
2845,30,Female,Dubai,Platinum,Amazon.ae,06 September 2024
2846,18,Female,Abu Dhabi,Platinum,Store,12 May 2022
2847,30,Male,Dubai,Gold,MobileApp,07 June 2023
2848,25,Female,Dubai,Silver,MobileApp,09 October 2025
2849,20,Male,Dubai,Gold,Store,17 January 2022
2850,35,Female,Dubai,Gold,Store,04 August 2021
2851,55,Female,Abu Dhabi,Gold,Store,26 January 2023
2852,30,Female,Dubai,Gold,MobileApp,27 June 2022
2853,35,Male,Abu Dhabi,Platinum,MobileApp,05 July 2023
2854,18,Male,Dubai,Gold,Store,01 November 2023
2855,25,Female,Dubai,Platinum,Website,23 March 2021
2856,20,Male,Abu Dhabi,Silver,Store,21 September 2023
2857,35,Male,Sharjah,Silver,Website,25 March 2024
2858,50,Female,Dubai,Silver,Noon,15 June 2021
2859,35,Male,Dubai,Silver,Store,27 July 2021
2860,18,Male,Sharjah,Gold,Amazon.ae,24 January 2021
2861,25,Male,Dubai,Silver,MobileApp,18 March 2023
2862,30,Male,Sharjah,Platinum,Noon,06 June 2023
2863,25,Female,Abu Dhabi,Silver,Store,22 November 2022
2864,40,Female,Dubai,Silver,Store,28 November 2021
2865,40,Male,Dubai,Silver,Store,05 May 2025
2866,35,Female,Dubai,Silver,MobileApp,29 September 2023
2867,25,Female,Dubai,Silver,Website,23 March 2025
2868,25,Female,Sharjah,Silver,Store,15 March 2025
2869,20,Male,Abu Dhabi,Gold,MobileApp,24 June 2025
2870,25,Female,Abu Dhabi,Silver,Store,05 June 2025
2871,25,Male,Abu Dhabi,Silver,Store,29 August 2021
2872,35,Female,Dubai,Gold,Store,16 April 2023
2873,35,Female,Abu Dhabi,Silver,Store,30 June 2021
2874,18,Male,Dubai,Silver,Store,09 August 2024
2875,25,Female,Abu Dhabi,Silver,Store,12 January 2024
2876,20,Male,Dubai,Silver,Amazon.ae,09 May 2025
2877,20,Female,Abu Dhabi,Gold,MobileApp,31 March 2021
2878,40,Male,Sharjah,Silver,Store,15 March 2022
2879,18,Female,Dubai,Gold,MobileApp,05 October 2025
2880,25,Male,Dubai,Platinum,Website,27 June 2022
2881,20,Male,Abu Dhabi,Silver,Store,12 July 2021
2882,45,Male,Dubai,Platinum,MobileApp,03 May 2022
2883,30,Male,Abu Dhabi,Silver,Website,04 September 2022
2884,20,Male,Sharjah,Silver,Website,04 October 2024
2885,30,Female,Dubai,Silver,Website,18 January 2024
2886,35,Male,Dubai,Silver,Website,13 August 2023
2887,55,Male,Abu Dhabi,Gold,Store,21 February 2024
2888,20,Male,Dubai,Silver,Amazon.ae,29 October 2024
2889,45,Female,Dubai,Gold,Store,07 December 2023
2890,50,Female,Sharjah,Gold,Amazon.ae,27 December 2024
2891,50,Female,Abu Dhabi,Silver,Store,26 May 2021
2892,35,Female,Dubai,Gold,Store,24 October 2023
2893,35,Male,Dubai,Platinum,Website,03 April 2025
2894,25,Male,Abu Dhabi,Silver,Store,30 August 2024
2895,40,Male,Abu Dhabi,Silver,MobileApp,23 November 2021
2896,30,Female,Sharjah,Silver,Store,15 September 2023
2897,35,Female,Dubai,Silver,Website,10 January 2024
2898,25,Male,Sharjah,Silver,Store,02 June 2021
2899,35,Male,Abu Dhabi,Silver,Store,06 February 2022
2900,40,Male,Abu Dhabi,Gold,Store,31 March 2023
2901,20,Male,Abu Dhabi,Gold,Website,03 May 2022
2902,40,Female,Dubai,Silver,Website,08 March 2021
2903,30,Male,Sharjah,Silver,Website,30 March 2021
2904,40,Female,Dubai,Silver,Noon,04 March 2024
2905,25,Male,Dubai,Silver,Website,21 July 2021
2906,25,Female,Sharjah,Silver,Amazon.ae,04 March 2022
2907,50,Female,Abu Dhabi,Platinum,Store,29 July 2023
2908,25,Female,Sharjah,Silver,Store,17 April 2024
2909,40,Female,Abu Dhabi,Silver,Store,05 December 2021
2910,30,Female,Dubai,Silver,Store,20 March 2021
2911,30,Female,Sharjah,Gold,Website,09 June 2025
2912,25,Female,Dubai,Gold,Website,06 April 2025
2913,30,Female,Sharjah,Silver,Website,13 January 2022
2914,25,Female,Dubai,Silver,MobileApp,14 June 2021
2915,18,Female,Sharjah,Silver,Noon,13 April 2025
2916,25,Female,Dubai,Silver,Amazon.ae,19 January 2023
2917,18,Female,Abu Dhabi,Platinum,Store,17 September 2025
2918,55,Male,Sharjah,Gold,Store,26 July 2023
2919,55,Male,Dubai,Gold,Store,04 June 2021
2920,25,Male,Abu Dhabi,Silver,Store,21 February 2024
2921,35,Male,Sharjah,Silver,Website,11 June 2025
2922,25,Female,Abu Dhabi,Gold,Website,10 May 2024
2923,35,Male,Sharjah,Silver,Store,30 November 2023
2924,40,Female,Dubai,Platinum,MobileApp,18 June 2021
2925,50,Male,Dubai,Silver,MobileApp,30 December 2023
2926,25,Male,Dubai,Silver,Store,03 March 2023
2927,40,Female,Dubai,Gold,Store,15 September 2024
2928,25,Female,Dubai,Silver,Amazon.ae,03 January 2025
2929,60,Male,Abu Dhabi,Silver,Website,23 November 2024
2930,18,Female,Dubai,Silver,Store,25 February 2025
2931,35,Female,Dubai,Gold,Store,30 September 2023
2932,35,Male,Dubai,Silver,Store,20 December 2021
2933,35,Male,Sharjah,Silver,Store,24 November 2021
2934,20,Female,Abu Dhabi,Gold,MobileApp,13 May 2022
2935,50,Male,Dubai,Silver,Store,13 December 2024
2936,20,Male,Sharjah,Platinum,Store,07 March 2025
2937,35,Male,Dubai,Silver,Store,12 April 2025
2938,20,Female,Sharjah,Gold,MobileApp,11 December 2021
2939,25,Female,Abu Dhabi,Silver,Store,05 October 2022
2940,30,Female,Dubai,Gold,Store,28 February 2023
2941,25,Male,Abu Dhabi,Gold,Website,12 January 2022
2942,20,Female,Abu Dhabi,Platinum,Store,11 August 2024
2943,20,Male,Dubai,Silver,Store,04 August 2024
2944,25,Male,Sharjah,Silver,Store,01 July 2024
2945,40,Male,Dubai,Gold,MobileApp,10 March 2022
2946,45,Male,Dubai,Silver,Noon,16 May 2022
2947,18,Female,Dubai,Silver,Store,14 January 2024
2948,25,Female,Dubai,Platinum,Store,05 June 2022
2949,20,Male,Dubai,Silver,Store,16 July 2022
2950,18,Female,Sharjah,Platinum,MobileApp,28 May 2022
2951,35,Female,Dubai,Silver,Website,31 May 2022
2952,35,Female,Dubai,Gold,MobileApp,20 March 2025
2953,20,Male,Abu Dhabi,Silver,Website,12 May 2022
2954,20,Female,Sharjah,Silver,Amazon.ae,25 August 2022
2955,18,Male,Sharjah,Platinum,Amazon.ae,12 October 2023
2956,40,Female,Abu Dhabi,Silver,MobileApp,31 March 2024
2957,55,Male,Sharjah,Gold,Website,29 October 2022
2958,20,Female,Abu Dhabi,Gold,Store,31 March 2025
2959,20,Male,Sharjah,Silver,Website,31 December 2021
2960,45,Male,Abu Dhabi,Platinum,Website,17 April 2025
2961,50,Female,Dubai,Silver,Website,19 December 2024
2962,25,Female,Dubai,Gold,Store,25 August 2023
2963,18,Female,Abu Dhabi,Silver,Website,18 May 2025
2964,18,Female,Dubai,Gold,Website,30 December 2021
2965,30,Male,Dubai,Gold,Website,18 April 2021
2966,25,Male,Abu Dhabi,Silver,Store,04 November 2023
2967,18,Male,Sharjah,Gold,Store,13 November 2023
2968,30,Male,Dubai,Silver,Store,15 September 2022
2969,18,Female,Abu Dhabi,Silver,Amazon.ae,17 November 2021
2970,40,Female,Abu Dhabi,Silver,Website,25 May 2022
2971,25,Female,Sharjah,Silver,Store,03 November 2022
2972,18,Female,Sharjah,Silver,Store,01 December 2023
2973,30,Female,Abu Dhabi,Silver,Website,31 October 2021
2974,25,Male,Abu Dhabi,Silver,Store,27 August 2023
2975,55,Male,Dubai,Silver,Noon,07 August 2025
2976,30,Female,Abu Dhabi,Silver,Website,09 December 2024
2977,25,Male,Abu Dhabi,Gold,Store,13 January 2025
2978,35,Male,Sharjah,Gold,Website,18 November 2024
2979,25,Male,Abu Dhabi,Silver,Store,16 August 2025
2980,50,Female,Dubai,Gold,MobileApp,06 June 2025
2981,25,Male,Abu Dhabi,Gold,Store,31 December 2021
2982,30,Female,Dubai,Gold,Noon,08 January 2023
2983,18,Female,Dubai,Silver,Website,16 September 2023
2984,25,Male,Dubai,Silver,MobileApp,18 October 2023
2985,40,Female,Dubai,Gold,Store,23 December 2024
2986,40,Female,Sharjah,Gold,Store,01 June 2021
2987,20,Female,Dubai,Silver,MobileApp,16 September 2021
2988,20,Female,Dubai,Silver,Website,03 June 2025
2989,40,Male,Sharjah,Gold,Store,08 December 2022
2990,50,Female,Dubai,Gold,Store,11 August 2021
2991,18,Male,Dubai,Gold,Store,13 July 2024
2992,30,Female,Dubai,Silver,Website,18 August 2021
2993,25,Female,Dubai,Silver,Store,15 March 2022
2994,45,Female,Dubai,Silver,Store,30 May 2021
2995,18,Male,Dubai,Silver,Store,29 June 2023
2996,20,Male,Abu Dhabi,Silver,Store,20 January 2025
2997,40,Male,Dubai,Gold,Store,05 September 2023
2998,18,Male,Dubai,Silver,Noon,05 March 2024
2999,30,Male,Sharjah,Gold,Store,27 September 2022
3000,25,Male,Dubai,Silver,Amazon.ae,03 February 2022
3001,25,Male,Sharjah,Silver,Store,14 September 2022
3002,25,Female,Dubai,Silver,Store,23 May 2021
3003,30,Male,Dubai,Silver,Store,06 August 2023
3004,20,Female,Abu Dhabi,Gold,Website,30 December 2023
3005,30,Female,Dubai,Silver,Website,23 February 2021
3006,40,Male,Dubai,Silver,Website,24 April 2023
3007,40,Female,Abu Dhabi,Silver,Store,27 July 2023
3008,20,Male,Dubai,Silver,Amazon.ae,27 November 2024
3009,20,Female,Abu Dhabi,Gold,Noon,06 July 2022
3010,25,Male,Sharjah,Silver,Store,29 September 2025
3011,25,Male,Dubai,Gold,Website,17 November 2023
3012,25,Female,Abu Dhabi,Gold,Website,26 October 2021
3013,35,Male,Abu Dhabi,Silver,Store,23 November 2022
3014,18,Female,Sharjah,Silver,Store,12 July 2022
3015,18,Male,Sharjah,Gold,Website,05 August 2025
3016,25,Male,Sharjah,Gold,MobileApp,05 September 2024
3017,35,Male,Dubai,Silver,Store,21 March 2022
3018,20,Male,Abu Dhabi,Silver,Website,08 April 2021
3019,35,Male,Dubai,Silver,Amazon.ae,24 February 2024
3020,25,Male,Dubai,Silver,Store,27 February 2021
3021,45,Male,Sharjah,Silver,Store,26 June 2021
3022,45,Female,Dubai,Silver,MobileApp,20 December 2022
3023,25,Male,Sharjah,Silver,Store,01 August 2024
3024,20,Female,Dubai,Silver,Store,28 October 2022
3025,25,Male,Sharjah,Silver,Store,17 November 2023
3026,20,Female,Dubai,Gold,Store,14 January 2025
3027,35,Male,Dubai,Silver,Amazon.ae,19 November 2021
3028,40,Male,Dubai,Platinum,Website,06 November 2022
3029,35,Male,Abu Dhabi,Silver,Store,27 June 2024
3030,40,Male,Dubai,Gold,Website,20 September 2025
3031,25,Female,Abu Dhabi,Silver,Noon,25 October 2024
3032,20,Male,Dubai,Gold,Store,26 April 2023
3033,35,Female,Dubai,Silver,Store,31 March 2021
3034,25,Male,Dubai,Silver,Noon,11 May 2021
3035,35,Male,Dubai,Platinum,Noon,29 March 2025
3036,25,Female,Sharjah,Silver,Store,19 November 2023
3037,18,Male,Sharjah,Platinum,Store,17 April 2025
3038,60,Female,Dubai,Silver,Store,24 October 2022
3039,20,Male,Abu Dhabi,Silver,Store,15 January 2024
3040,60,Female,Abu Dhabi,Silver,Website,27 February 2021
3041,55,Male,Dubai,Gold,Store,17 December 2023
3042,40,Female,Dubai,Silver,Store,21 September 2023
3043,35,Female,Abu Dhabi,Platinum,Website,18 November 2024
3044,30,Male,Dubai,Silver,Noon,15 November 2023
3045,45,Male,Dubai,Gold,Store,09 July 2021
3046,25,Male,Dubai,Silver,Store,17 August 2023
3047,30,Female,Abu Dhabi,Silver,Noon,17 March 2021
3048,35,Male,Dubai,Silver,Website,06 January 2022
3049,25,Male,Dubai,Silver,Store,18 June 2023
3050,25,Male,Dubai,Silver,Store,01 May 2023
3051,25,Male,Dubai,Silver,Store,27 October 2025
3052,30,Female,Dubai,Silver,Website,21 May 2022
3053,45,Female,Sharjah,Silver,Store,02 July 2021
3054,20,Male,Dubai,Silver,Store,03 June 2021
3055,50,Female,Abu Dhabi,Silver,Store,16 July 2024
3056,35,Male,Dubai,Silver,Store,22 June 2023
3057,40,Male,Abu Dhabi,Platinum,Website,25 July 2024
3058,30,Male,Abu Dhabi,Platinum,Store,25 September 2024
3059,40,Female,Dubai,Silver,Store,13 November 2023
3060,18,Female,Sharjah,Platinum,Amazon.ae,26 December 2024
3061,40,Female,Dubai,Gold,Website,10 June 2022
3062,18,Male,Sharjah,Silver,Store,29 August 2022
3063,45,Male,Dubai,Silver,Website,28 September 2024
3064,60,Male,Sharjah,Platinum,Store,29 May 2023
3065,25,Female,Abu Dhabi,Gold,MobileApp,12 December 2023
3066,20,Female,Sharjah,Gold,MobileApp,05 December 2021
3067,40,Female,Abu Dhabi,Gold,Website,01 December 2023
3068,25,Male,Dubai,Silver,MobileApp,27 August 2025
3069,45,Male,Abu Dhabi,Silver,Store,02 June 2022
3070,20,Male,Sharjah,Silver,MobileApp,11 February 2022
3071,20,Male,Sharjah,Silver,Store,18 May 2021
3072,55,Male,Dubai,Silver,Store,28 January 2024
3073,35,Male,Abu Dhabi,Silver,Amazon.ae,07 December 2021
3074,40,Male,Dubai,Silver,Website,26 October 2025
3075,25,Female,Abu Dhabi,Silver,Noon,01 September 2024
3076,35,Female,Dubai,Silver,Store,26 June 2022
3077,30,Male,Dubai,Silver,Website,13 August 2021
3078,35,Male,Sharjah,Silver,Store,18 September 2021
3079,35,Male,Dubai,Silver,Website,24 June 2024
3080,30,Female,Abu Dhabi,Gold,Store,08 January 2024
3081,25,Female,Abu Dhabi,Platinum,Store,28 November 2022
3082,25,Female,Dubai,Silver,Store,22 March 2023
3083,40,Female,Dubai,Silver,MobileApp,12 September 2025
3084,20,Male,Abu Dhabi,Gold,Store,18 April 2022
3085,35,Male,Dubai,Silver,MobileApp,18 March 2021
3086,20,Male,Sharjah,Gold,Store,19 September 2021
3087,35,Male,Sharjah,Silver,Store,23 October 2023
3088,35,Female,Dubai,Gold,Store,17 January 2021
3089,20,Male,Dubai,Platinum,Noon,10 December 2021
3090,18,Male,Dubai,Gold,Store,02 November 2023
3091,20,Male,Abu Dhabi,Silver,Store,29 July 2023
3092,35,Female,Dubai,Gold,MobileApp,25 November 2022
3093,40,Male,Dubai,Gold,Store,26 April 2023
3094,18,Female,Abu Dhabi,Gold,MobileApp,28 October 2023
3095,35,Male,Sharjah,Silver,Store,03 September 2021
3096,25,Male,Dubai,Gold,Website,13 September 2023
3097,30,Male,Dubai,Silver,Store,26 March 2024
3098,50,Female,Sharjah,Silver,Website,23 June 2021
3099,25,Male,Abu Dhabi,Silver,MobileApp,19 February 2025
3100,30,Female,Abu Dhabi,Silver,MobileApp,26 April 2023
3101,18,Male,Abu Dhabi,Gold,Website,24 November 2022
3102,18,Male,Sharjah,Gold,Amazon.ae,06 October 2023
3103,25,Female,Abu Dhabi,Silver,Store,08 October 2021
3104,18,Male,Sharjah,Gold,Store,25 August 2024
3105,35,Female,Abu Dhabi,Platinum,Website,17 September 2023
3106,25,Female,Abu Dhabi,Silver,Website,25 August 2021
3107,30,Male,Dubai,Silver,Store,06 June 2021
3108,20,Female,Dubai,Silver,Website,28 June 2024
3109,25,Male,Abu Dhabi,Silver,Store,20 October 2023
3110,35,Male,Dubai,Silver,MobileApp,29 May 2024
3111,55,Male,Abu Dhabi,Silver,MobileApp,04 December 2021
3112,18,Female,Dubai,Silver,Website,31 May 2024
3113,45,Male,Sharjah,Platinum,Store,19 May 2024
3114,30,Female,Dubai,Gold,Website,03 December 2021
3115,30,Female,Sharjah,Silver,MobileApp,03 March 2024
3116,30,Male,Abu Dhabi,Silver,Store,10 February 2023
3117,18,Male,Dubai,Silver,Website,10 May 2022
3118,18,Male,Abu Dhabi,Silver,Noon,01 July 2022
3119,35,Male,Dubai,Silver,Store,21 April 2024
3120,25,Male,Dubai,Silver,Store,10 June 2021
3121,50,Female,Dubai,Silver,Store,28 August 2022
3122,25,Female,Dubai,Silver,Website,22 January 2022
3123,20,Female,Sharjah,Silver,Amazon.ae,05 May 2024
3124,35,Female,Dubai,Gold,Website,08 October 2025
3125,25,Female,Abu Dhabi,Silver,Store,16 February 2025
3126,30,Male,Dubai,Silver,Website,06 March 2025
3127,35,Female,Abu Dhabi,Silver,Website,15 September 2023
3128,50,Female,Dubai,Platinum,Website,21 February 2025
3129,40,Male,Abu Dhabi,Gold,Store,07 October 2024
3130,35,Female,Abu Dhabi,Silver,Website,03 April 2025
3131,35,Male,Abu Dhabi,Platinum,Store,22 August 2021
3132,50,Female,Dubai,Silver,Store,21 May 2025
3133,25,Female,Abu Dhabi,Platinum,Website,03 December 2024
3134,18,Female,Dubai,Silver,Noon,23 July 2024
3135,25,Male,Dubai,Silver,Store,12 December 2022
3136,20,Female,Dubai,Gold,Noon,04 April 2022
3137,35,Male,Dubai,Silver,Store,16 January 2025
3138,35,Male,Dubai,Gold,MobileApp,17 February 2022
3139,30,Female,Abu Dhabi,Silver,Store,08 November 2023
3140,18,Female,Dubai,Gold,Store,13 March 2021
3141,35,Female,Dubai,Silver,Website,18 August 2025
3142,25,Male,Dubai,Silver,Website,13 January 2022
3143,35,Male,Abu Dhabi,Platinum,MobileApp,13 November 2022
3144,30,Female,Abu Dhabi,Gold,Website,14 April 2023
3145,25,Male,Dubai,Platinum,Website,10 October 2024
3146,20,Male,Abu Dhabi,Gold,Amazon.ae,31 May 2021
3147,18,Female,Abu Dhabi,Gold,Website,08 July 2024
3148,40,Male,Dubai,Silver,Store,09 January 2024
3149,50,Female,Abu Dhabi,Silver,Store,04 February 2024
3150,35,Male,Abu Dhabi,Silver,Store,27 March 2025
3151,20,Male,Abu Dhabi,Silver,MobileApp,27 November 2024
3152,25,Male,Dubai,Gold,Store,21 December 2022
3153,35,Male,Dubai,Silver,Store,10 May 2021
3154,40,Male,Dubai,Platinum,Store,09 April 2024
3155,20,Male,Abu Dhabi,Silver,Website,10 February 2022
3156,18,Male,Sharjah,Gold,Store,23 November 2023
3157,35,Male,Dubai,Silver,Store,20 June 2022
3158,25,Male,Dubai,Silver,Website,16 July 2021
3159,25,Male,Abu Dhabi,Platinum,MobileApp,06 July 2023
3160,18,Male,Sharjah,Silver,Store,06 December 2023
3161,30,Female,Sharjah,Silver,Website,01 October 2021
3162,45,Female,Abu Dhabi,Silver,Store,13 May 2021
3163,55,Female,Sharjah,Silver,Amazon.ae,21 September 2021
3164,30,Male,Dubai,Silver,Store,09 June 2025
3165,30,Female,Dubai,Gold,Noon,02 January 2022
3166,18,Female,Dubai,Silver,Noon,05 April 2023
3167,30,Female,Abu Dhabi,Silver,MobileApp,05 January 2021
3168,25,Male,Dubai,Silver,Store,26 September 2021
3169,35,Female,Dubai,Gold,Website,01 May 2023
3170,25,Female,Dubai,Gold,Store,03 January 2023
3171,20,Female,Dubai,Silver,Amazon.ae,26 September 2025
3172,18,Male,Sharjah,Silver,MobileApp,15 December 2024
3173,25,Male,Dubai,Silver,Noon,01 October 2024
3174,18,Male,Dubai,Gold,Website,10 March 2021
3175,20,Male,Abu Dhabi,Gold,Website,11 March 2023
3176,60,Female,Dubai,Platinum,Website,24 December 2021
3177,25,Male,Abu Dhabi,Silver,Store,08 September 2025
3178,30,Male,Sharjah,Silver,Website,10 November 2024
3179,45,Male,Sharjah,Silver,Website,21 November 2021
3180,60,Male,Sharjah,Silver,Amazon.ae,21 January 2023
3181,30,Male,Dubai,Silver,Website,13 February 2025
3182,40,Female,Abu Dhabi,Silver,Amazon.ae,17 April 2024
3183,25,Female,Dubai,Gold,Amazon.ae,13 September 2021
3184,25,Male,Dubai,Silver,Website,23 February 2022
3185,25,Male,Dubai,Gold,Store,30 July 2021
3186,35,Male,Dubai,Silver,Website,30 June 2023
3187,35,Male,Sharjah,Platinum,Store,29 October 2025
3188,25,Female,Dubai,Platinum,Store,07 August 2022
3189,20,Female,Abu Dhabi,Platinum,Store,22 October 2024
3190,35,Female,Dubai,Gold,Noon,31 July 2022
3191,20,Female,Dubai,Gold,Store,15 June 2021
3192,30,Male,Sharjah,Silver,Website,02 August 2021
3193,35,Female,Dubai,Silver,MobileApp,13 June 2022
3194,35,Female,Abu Dhabi,Gold,Website,11 April 2024
3195,40,Female,Dubai,Gold,Website,27 February 2024
3196,45,Male,Dubai,Platinum,MobileApp,03 January 2021
3197,30,Female,Dubai,Silver,Store,14 June 2023
3198,35,Female,Sharjah,Silver,Store,15 June 2023
3199,35,Female,Dubai,Gold,Noon,30 December 2023
3200,20,Male,Dubai,Platinum,Store,21 February 2021
3201,18,Female,Dubai,Silver,Website,13 March 2022
3202,25,Female,Abu Dhabi,Silver,Website,02 November 2024
3203,25,Female,Abu Dhabi,Silver,Store,19 October 2023
3204,35,Female,Abu Dhabi,Silver,Noon,04 April 2021
3205,40,Female,Dubai,Silver,MobileApp,02 May 2025
3206,20,Male,Sharjah,Silver,Store,10 August 2022
3207,20,Female,Abu Dhabi,Gold,Noon,26 August 2022
3208,55,Male,Sharjah,Silver,MobileApp,27 March 2021
3209,20,Female,Sharjah,Silver,Website,02 June 2022
3210,30,Male,Abu Dhabi,Gold,Website,12 January 2023
3211,30,Male,Dubai,Platinum,Store,06 March 2022
3212,30,Female,Sharjah,Platinum,Website,13 May 2023
3213,18,Female,Sharjah,Silver,Store,09 April 2023
3214,18,Female,Dubai,Platinum,Website,12 February 2021
3215,20,Female,Dubai,Silver,Website,30 September 2025
3216,30,Female,Sharjah,Gold,Amazon.ae,25 October 2024
3217,30,Male,Dubai,Gold,MobileApp,08 February 2022
3218,20,Male,Sharjah,Silver,Store,19 August 2024
3219,35,Male,Dubai,Silver,Amazon.ae,20 April 2024
3220,40,Male,Dubai,Silver,Website,18 June 2021
3221,18,Male,Dubai,Gold,Website,22 July 2021
3222,30,Female,Dubai,Silver,Store,07 December 2022
3223,35,Female,Dubai,Gold,Amazon.ae,27 June 2022
3224,25,Male,Dubai,Silver,Amazon.ae,12 April 2021
3225,25,Male,Abu Dhabi,Silver,MobileApp,19 May 2025
3226,35,Female,Sharjah,Platinum,Amazon.ae,12 December 2021
3227,45,Male,Dubai,Gold,Store,26 August 2022
3228,40,Male,Abu Dhabi,Platinum,Amazon.ae,18 March 2022
3229,30,Female,Abu Dhabi,Silver,Website,07 September 2021
3230,35,Female,Abu Dhabi,Silver,Store,21 April 2024
3231,25,Male,Abu Dhabi,Silver,Website,18 August 2024
3232,35,Female,Dubai,Silver,Website,28 May 2023
3233,30,Male,Dubai,Silver,Store,27 July 2024
3234,20,Female,Dubai,Gold,Store,07 October 2025
3235,35,Male,Dubai,Silver,Store,18 January 2024
3236,30,Male,Abu Dhabi,Silver,Store,19 December 2024
3237,25,Female,Dubai,Silver,Store,01 August 2024
3238,50,Male,Sharjah,Silver,Store,02 November 2022
3239,18,Female,Sharjah,Gold,Store,28 February 2024
3240,25,Male,Sharjah,Silver,Noon,05 September 2021
3241,18,Male,Sharjah,Silver,MobileApp,14 October 2022
3242,40,Male,Dubai,Silver,Store,20 June 2023
3243,35,Male,Abu Dhabi,Platinum,Noon,27 April 2024
3244,25,Female,Dubai,Platinum,Website,01 April 2021
3245,35,Male,Sharjah,Gold,Website,22 July 2022
3246,25,Female,Sharjah,Silver,Website,28 October 2025
3247,40,Female,Sharjah,Silver,Store,03 April 2024
3248,30,Female,Dubai,Gold,Store,02 July 2022
3249,25,Male,Abu Dhabi,Platinum,Store,15 September 2024
3250,50,Female,Dubai,Platinum,Website,14 April 2025
3251,25,Male,Dubai,Gold,Website,21 March 2021
3252,20,Male,Abu Dhabi,Silver,MobileApp,23 July 2023
3253,30,Male,Dubai,Platinum,Store,08 September 2023
3254,55,Male,Sharjah,Gold,MobileApp,20 May 2023
3255,25,Male,Dubai,Gold,Website,18 June 2021
3256,18,Female,Sharjah,Silver,Noon,18 April 2025
3257,25,Male,Dubai,Silver,Store,22 January 2024
3258,30,Male,Sharjah,Silver,Amazon.ae,16 September 2022
3259,20,Female,Sharjah,Silver,MobileApp,14 January 2022
3260,35,Male,Sharjah,Silver,Website,17 May 2024
3261,60,Male,Dubai,Gold,Website,13 July 2021
3262,30,Male,Sharjah,Silver,Store,21 September 2021
3263,25,Female,Dubai,Silver,Noon,24 June 2024
3264,25,Male,Dubai,Silver,Store,12 July 2025
3265,20,Male,Dubai,Silver,Website,11 January 2025
3266,45,Male,Sharjah,Platinum,Store,30 October 2025
3267,25,Female,Dubai,Silver,Store,05 June 2022
3268,25,Female,Sharjah,Silver,Website,08 July 2023
3269,35,Female,Abu Dhabi,Platinum,Amazon.ae,01 October 2025
3270,25,Male,Dubai,Gold,Website,24 April 2022
3271,35,Male,Sharjah,Silver,Noon,24 July 2024
3272,18,Male,Dubai,Gold,Website,27 February 2024
3273,40,Male,Sharjah,Gold,Store,18 August 2024
3274,50,Male,Dubai,Gold,Store,28 July 2022
3275,35,Male,Abu Dhabi,Silver,MobileApp,18 March 2025
3276,55,Male,Dubai,Platinum,Store,15 October 2024
3277,20,Female,Dubai,Silver,Website,23 April 2023
3278,30,Male,Dubai,Silver,Store,12 October 2024
3279,35,Female,Dubai,Silver,Store,29 January 2025
3280,30,Male,Dubai,Silver,MobileApp,10 April 2024
3281,25,Male,Dubai,Platinum,Website,17 January 2024
3282,25,Male,Dubai,Silver,Store,04 March 2025
3283,20,Male,Abu Dhabi,Silver,Store,15 June 2023
3284,25,Male,Abu Dhabi,Silver,Store,12 January 2024
3285,20,Male,Sharjah,Silver,Store,01 June 2022
3286,35,Female,Abu Dhabi,Platinum,Website,21 October 2023
3287,20,Female,Abu Dhabi,Silver,Website,24 April 2025
3288,18,Male,Abu Dhabi,Gold,Store,15 June 2023
3289,30,Female,Dubai,Gold,Store,07 September 2024
3290,30,Female,Abu Dhabi,Gold,Store,10 April 2022
3291,45,Female,Dubai,Gold,Store,30 May 2025
3292,30,Female,Sharjah,Silver,Website,05 September 2022
3293,25,Male,Abu Dhabi,Gold,Store,10 March 2024
3294,40,Male,Dubai,Gold,Store,28 August 2022
3295,30,Male,Abu Dhabi,Gold,MobileApp,13 July 2025
3296,18,Male,Dubai,Platinum,Store,13 September 2022
3297,30,Male,Dubai,Gold,Website,27 September 2023
3298,50,Female,Dubai,Gold,Website,09 July 2022
3299,25,Female,Abu Dhabi,Platinum,Store,16 May 2021
3300,25,Female,Abu Dhabi,Silver,MobileApp,26 November 2021
3301,20,Female,Sharjah,Silver,Website,19 October 2025
3302,20,Female,Dubai,Silver,Website,13 August 2023
3303,25,Female,Abu Dhabi,Silver,Website,30 January 2022
3304,30,Male,Abu Dhabi,Gold,MobileApp,05 June 2021
3305,18,Male,Dubai,Gold,Noon,29 November 2023
3306,50,Male,Abu Dhabi,Gold,Website,29 July 2024
3307,40,Female,Dubai,Platinum,Amazon.ae,20 May 2023
3308,30,Male,Dubai,Silver,Store,22 June 2022
3309,40,Female,Dubai,Gold,Website,17 April 2025
3310,18,Male,Abu Dhabi,Silver,Store,06 December 2023
3311,30,Male,Dubai,Silver,Store,30 October 2022
3312,35,Female,Dubai,Silver,Website,01 September 2021
3313,40,Male,Dubai,Gold,MobileApp,01 July 2022
3314,40,Male,Dubai,Silver,Store,26 March 2022
3315,25,Male,Dubai,Gold,Website,05 October 2021
3316,50,Male,Dubai,Silver,Website,24 January 2023
3317,20,Female,Abu Dhabi,Silver,Store,10 February 2022
3318,45,Male,Dubai,Silver,Store,10 February 2023
3319,55,Female,Abu Dhabi,Silver,Store,06 December 2023
3320,20,Male,Abu Dhabi,Platinum,Store,19 January 2023
3321,35,Female,Dubai,Silver,Website,24 March 2025
3322,18,Male,Dubai,Platinum,Store,11 February 2023
3323,25,Female,Sharjah,Platinum,Store,18 July 2024
3324,30,Female,Dubai,Platinum,Website,29 April 2025
3325,30,Male,Dubai,Silver,Website,26 August 2021
3326,50,Female,Dubai,Platinum,Store,05 April 2024
3327,35,Female,Abu Dhabi,Silver,Store,31 October 2024
3328,30,Male,Abu Dhabi,Silver,Store,31 May 2025
3329,40,Male,Sharjah,Silver,MobileApp,20 August 2025
3330,55,Female,Sharjah,Platinum,Amazon.ae,20 July 2021
3331,18,Female,Dubai,Silver,MobileApp,16 January 2023
3332,60,Male,Dubai,Silver,Store,20 August 2021
3333,18,Male,Dubai,Silver,Website,09 January 2025
3334,40,Female,Dubai,Silver,Store,25 December 2022
3335,25,Female,Dubai,Silver,Store,12 December 2024
3336,20,Female,Dubai,Gold,Store,23 March 2024
3337,25,Male,Dubai,Silver,MobileApp,23 October 2024
3338,35,Female,Dubai,Platinum,Website,26 December 2022
3339,25,Male,Dubai,Gold,Website,28 March 2021
3340,18,Male,Sharjah,Platinum,Website,03 April 2025
3341,30,Female,Abu Dhabi,Silver,Store,04 December 2022
3342,50,Female,Sharjah,Gold,Store,31 March 2023
3343,25,Male,Dubai,Silver,Website,23 February 2021
3344,20,Male,Dubai,Silver,Website,18 October 2025
3345,25,Female,Dubai,Gold,MobileApp,02 December 2023
3346,18,Male,Dubai,Gold,Store,04 October 2024
3347,40,Female,Dubai,Gold,MobileApp,07 June 2024
3348,40,Female,Sharjah,Gold,Store,12 January 2023
3349,30,Male,Sharjah,Silver,Website,25 November 2022
3350,25,Female,Dubai,Gold,Website,12 March 2022
3351,40,Female,Dubai,Silver,Amazon.ae,10 March 2024
3352,30,Female,Dubai,Silver,Store,04 August 2024
3353,40,Female,Dubai,Gold,Website,07 September 2024
3354,35,Female,Dubai,Platinum,Website,17 August 2022
3355,40,Male,Dubai,Silver,Store,18 March 2022
3356,30,Male,Dubai,Silver,Store,16 June 2021
3357,25,Female,Dubai,Silver,MobileApp,20 July 2022
3358,55,Male,Dubai,Silver,Store,26 January 2025
3359,30,Male,Dubai,Gold,Store,19 January 2025
3360,35,Female,Dubai,Gold,Noon,14 March 2021
3361,20,Female,Sharjah,Gold,MobileApp,26 December 2022
3362,35,Male,Dubai,Gold,Store,03 September 2025
3363,30,Female,Sharjah,Silver,Website,06 August 2023
3364,20,Female,Sharjah,Silver,Website,27 September 2021
3365,18,Male,Sharjah,Silver,MobileApp,07 August 2021
3366,35,Female,Abu Dhabi,Gold,MobileApp,30 July 2025
3367,40,Male,Abu Dhabi,Gold,MobileApp,01 July 2022
3368,30,Male,Sharjah,Gold,Store,09 August 2025
3369,20,Male,Dubai,Silver,Website,21 April 2024
3370,35,Male,Dubai,Silver,Store,07 January 2024
3371,18,Male,Sharjah,Platinum,Store,04 November 2021
3372,25,Female,Abu Dhabi,Silver,MobileApp,13 September 2024
3373,20,Female,Sharjah,Gold,Store,25 February 2022
3374,20,Female,Abu Dhabi,Silver,Website,13 June 2024
3375,20,Female,Sharjah,Silver,MobileApp,29 April 2023
3376,25,Male,Abu Dhabi,Gold,Store,01 June 2025
3377,18,Male,Abu Dhabi,Silver,Store,05 June 2023
3378,25,Female,Abu Dhabi,Gold,MobileApp,07 April 2022
3379,30,Male,Sharjah,Gold,Amazon.ae,08 August 2022
3380,30,Male,Sharjah,Silver,MobileApp,12 April 2025
3381,25,Female,Sharjah,Gold,Website,05 July 2023
3382,40,Male,Abu Dhabi,Silver,Store,07 February 2021
3383,20,Female,Dubai,Silver,Store,02 March 2022
3384,30,Male,Dubai,Gold,Website,10 June 2025
3385,18,Male,Sharjah,Silver,Store,10 March 2022
3386,18,Male,Abu Dhabi,Silver,Amazon.ae,14 October 2024
3387,30,Female,Dubai,Platinum,Website,21 November 2023
3388,30,Male,Dubai,Silver,Website,24 July 2021
3389,45,Male,Sharjah,Gold,MobileApp,06 December 2022
3390,30,Female,Sharjah,Gold,MobileApp,12 January 2023
3391,55,Female,Sharjah,Silver,Website,19 April 2024
3392,18,Male,Abu Dhabi,Silver,Amazon.ae,09 February 2021
3393,18,Male,Dubai,Silver,Noon,21 April 2023
3394,18,Male,Dubai,Silver,Amazon.ae,17 December 2024
3395,20,Female,Dubai,Gold,MobileApp,25 June 2023
3396,30,Female,Sharjah,Gold,MobileApp,26 March 2024
3397,35,Male,Dubai,Silver,Website,17 June 2021
3398,18,Female,Abu Dhabi,Gold,Store,21 August 2025
3399,50,Male,Abu Dhabi,Platinum,Store,04 October 2022
3400,40,Male,Abu Dhabi,Silver,Store,11 January 2024
3401,25,Male,Sharjah,Gold,Store,19 August 2025
3402,18,Male,Dubai,Gold,Store,18 November 2022
3403,20,Male,Abu Dhabi,Silver,Store,23 August 2022
3404,20,Male,Dubai,Silver,Amazon.ae,12 April 2021
3405,20,Female,Dubai,Gold,MobileApp,30 January 2023
3406,30,Male,Dubai,Silver,Store,19 December 2022
3407,20,Female,Dubai,Silver,Store,30 March 2021
3408,25,Male,Abu Dhabi,Gold,MobileApp,11 December 2021
3409,60,Male,Abu Dhabi,Gold,MobileApp,11 March 2023
3410,35,Male,Dubai,Silver,Amazon.ae,26 August 2024
3411,50,Male,Dubai,Silver,Noon,31 August 2022
3412,20,Male,Abu Dhabi,Silver,Noon,03 January 2025
3413,25,Male,Sharjah,Silver,Store,08 June 2021
3414,30,Male,Dubai,Silver,Store,12 February 2024
3415,18,Male,Abu Dhabi,Silver,MobileApp,20 June 2022
3416,18,Female,Abu Dhabi,Silver,Store,12 June 2021
3417,35,Female,Abu Dhabi,Silver,MobileApp,13 October 2021
3418,35,Male,Dubai,Silver,Website,15 May 2023
3419,25,Male,Abu Dhabi,Silver,MobileApp,24 February 2021
3420,30,Male,Abu Dhabi,Silver,Store,30 July 2022
3421,25,Female,Abu Dhabi,Silver,Website,02 February 2021
3422,18,Male,Abu Dhabi,Platinum,Website,12 July 2022
3423,25,Male,Sharjah,Silver,Amazon.ae,01 January 2023
3424,20,Male,Dubai,Gold,Store,20 September 2023
3425,18,Female,Sharjah,Platinum,Amazon.ae,12 March 2023
3426,55,Male,Abu Dhabi,Silver,MobileApp,15 July 2021
3427,30,Female,Abu Dhabi,Gold,MobileApp,24 March 2022
3428,35,Male,Dubai,Silver,MobileApp,03 June 2025
3429,25,Female,Dubai,Silver,Website,14 July 2023
3430,25,Female,Abu Dhabi,Silver,Store,02 April 2021
3431,20,Male,Abu Dhabi,Silver,Store,31 August 2022
3432,18,Female,Dubai,Silver,Amazon.ae,05 June 2024
3433,20,Male,Abu Dhabi,Silver,MobileApp,13 October 2021
3434,40,Female,Dubai,Gold,Store,24 May 2023
3435,35,Female,Sharjah,Platinum,Website,12 June 2024
3436,30,Male,Sharjah,Silver,Store,12 April 2021
3437,30,Female,Dubai,Silver,Store,20 May 2021
3438,50,Male,Sharjah,Silver,Website,15 April 2023
3439,18,Male,Sharjah,Silver,Store,06 August 2025
3440,25,Male,Dubai,Gold,Store,23 September 2021
3441,25,Female,Abu Dhabi,Silver,Website,27 September 2024
3442,40,Male,Dubai,Silver,Website,27 July 2022
3443,60,Male,Abu Dhabi,Gold,Store,19 June 2022
3444,20,Female,Dubai,Gold,Store,07 June 2022
3445,45,Male,Dubai,Silver,Store,16 January 2021
3446,40,Male,Dubai,Silver,Store,15 July 2022
3447,20,Male,Dubai,Silver,Store,28 May 2023
3448,25,Male,Sharjah,Silver,Store,02 December 2021
3449,25,Male,Dubai,Silver,Store,29 June 2023
3450,55,Male,Dubai,Silver,MobileApp,14 November 2024
3451,20,Female,Sharjah,Platinum,Store,19 June 2021
3452,40,Female,Dubai,Silver,Store,02 July 2023
3453,25,Male,Abu Dhabi,Silver,Store,29 April 2021
3454,35,Male,Sharjah,Silver,Store,02 December 2023
3455,25,Male,Sharjah,Silver,MobileApp,10 October 2023
3456,30,Female,Dubai,Gold,Store,10 January 2021
3457,40,Male,Dubai,Silver,Store,06 March 2022
3458,40,Male,Sharjah,Silver,Store,31 January 2025
3459,45,Female,Dubai,Silver,Website,18 February 2021
3460,18,Male,Dubai,Silver,Store,26 July 2021
3461,35,Male,Dubai,Silver,Website,30 August 2025
3462,20,Female,Dubai,Silver,Store,29 May 2022
3463,25,Female,Abu Dhabi,Silver,Store,23 May 2025
3464,30,Male,Abu Dhabi,Silver,Website,18 May 2024
3465,25,Female,Sharjah,Silver,MobileApp,08 March 2024
3466,30,Male,Abu Dhabi,Gold,Website,06 February 2021
3467,60,Female,Dubai,Gold,Store,06 August 2021
3468,20,Male,Dubai,Gold,Website,19 January 2025
3469,35,Female,Sharjah,Gold,Store,16 March 2025
3470,25,Female,Dubai,Silver,MobileApp,25 July 2024
3471,20,Female,Dubai,Gold,Website,29 June 2021
3472,20,Female,Sharjah,Silver,Store,21 March 2025
3473,50,Male,Abu Dhabi,Silver,Website,10 May 2021
3474,45,Male,Dubai,Silver,Website,27 July 2025
3475,50,Male,Sharjah,Silver,Store,03 September 2022
3476,60,Female,Sharjah,Platinum,Amazon.ae,23 August 2025
3477,20,Female,Dubai,Silver,MobileApp,21 October 2022
3478,25,Male,Sharjah,Silver,Store,25 December 2021
3479,35,Female,Dubai,Silver,Amazon.ae,19 September 2022
3480,30,Female,Abu Dhabi,Silver,Store,25 October 2023
3481,25,Female,Sharjah,Silver,MobileApp,11 June 2025
3482,25,Female,Sharjah,Silver,MobileApp,01 May 2025
3483,30,Male,Dubai,Silver,Website,12 January 2024
3484,30,Male,Dubai,Gold,Store,23 March 2024
3485,20,Male,Dubai,Silver,Amazon.ae,21 May 2022
3486,30,Male,Abu Dhabi,Silver,Store,13 March 2025
3487,30,Female,Dubai,Gold,Store,29 March 2023
3488,30,Female,Dubai,Platinum,Store,05 March 2023
3489,20,Female,Dubai,Silver,Amazon.ae,19 April 2023
3490,35,Female,Dubai,Silver,Amazon.ae,15 September 2022
3491,18,Male,Dubai,Platinum,Store,21 September 2022
3492,25,Male,Sharjah,Silver,Amazon.ae,07 April 2021
3493,40,Male,Dubai,Silver,Store,29 July 2024
3494,30,Male,Dubai,Silver,Noon,21 September 2025
3495,25,Male,Sharjah,Platinum,Website,12 June 2025
3496,35,Male,Abu Dhabi,Platinum,Store,30 March 2023
3497,30,Male,Dubai,Gold,Store,22 August 2022
3498,40,Male,Dubai,Silver,Store,23 July 2023
3499,35,Female,Abu Dhabi,Silver,Store,11 April 2025
3500,35,Male,Dubai,Silver,MobileApp,05 March 2022
3501,30,Male,Abu Dhabi,Gold,Store,16 April 2025
3502,20,Male,Dubai,Platinum,Noon,24 February 2024
3503,25,Female,Dubai,Silver,Website,30 September 2025
3504,25,Male,Dubai,Gold,Website,17 August 2024
3505,30,Male,Abu Dhabi,Silver,Store,27 June 2022
3506,30,Female,Sharjah,Silver,Amazon.ae,02 January 2022
3507,25,Female,Dubai,Gold,Website,05 December 2023
3508,18,Female,Abu Dhabi,Silver,Amazon.ae,25 February 2025
3509,30,Male,Dubai,Silver,Noon,01 September 2024
3510,25,Male,Dubai,Silver,Store,27 April 2024
3511,35,Male,Sharjah,Gold,Store,21 February 2021
3512,18,Female,Dubai,Gold,MobileApp,18 July 2022
3513,30,Male,Sharjah,Platinum,Amazon.ae,17 September 2024
3514,50,Male,Abu Dhabi,Gold,Website,14 May 2022
3515,20,Male,Sharjah,Silver,Store,04 September 2023
3516,30,Male,Abu Dhabi,Silver,Website,03 September 2024
3517,18,Male,Dubai,Platinum,Store,04 December 2024
3518,35,Female,Dubai,Silver,Store,19 November 2021
3519,30,Female,Dubai,Gold,Website,03 June 2025
3520,25,Male,Dubai,Gold,Store,04 May 2025
3521,30,Male,Dubai,Gold,Website,07 June 2024
3522,45,Female,Dubai,Silver,Noon,29 September 2024
3523,20,Male,Sharjah,Silver,MobileApp,26 October 2024
3524,18,Male,Dubai,Gold,Amazon.ae,10 July 2022
3525,45,Male,Abu Dhabi,Gold,MobileApp,08 August 2024
3526,30,Female,Sharjah,Gold,Store,31 December 2024
3527,45,Female,Sharjah,Silver,MobileApp,24 June 2024
3528,30,Female,Dubai,Silver,Amazon.ae,07 August 2021
3529,40,Male,Dubai,Gold,Amazon.ae,18 June 2022
3530,25,Male,Dubai,Gold,Website,04 October 2022
3531,35,Female,Dubai,Gold,Store,03 June 2022
3532,50,Male,Dubai,Silver,Store,04 February 2025
3533,30,Female,Sharjah,Platinum,Store,05 October 2024
3534,20,Female,Dubai,Silver,Noon,13 February 2021
3535,25,Male,Abu Dhabi,Gold,Website,06 March 2021
3536,20,Female,Sharjah,Silver,Amazon.ae,03 September 2021
3537,20,Male,Dubai,Silver,Website,14 September 2023
3538,25,Female,Dubai,Gold,Website,28 May 2025
3539,30,Male,Abu Dhabi,Silver,Store,31 December 2023
3540,30,Male,Dubai,Silver,Store,29 September 2025
3541,25,Female,Abu Dhabi,Silver,Store,21 September 2025
3542,35,Female,Dubai,Gold,Website,07 June 2021
3543,18,Male,Sharjah,Silver,Store,27 July 2023
3544,18,Female,Dubai,Silver,MobileApp,07 February 2025
3545,20,Male,Dubai,Platinum,Store,15 November 2023
3546,30,Male,Abu Dhabi,Silver,MobileApp,26 May 2025
3547,20,Male,Dubai,Silver,Store,05 April 2023
3548,25,Male,Dubai,Silver,Website,31 May 2024
3549,25,Male,Dubai,Platinum,Store,09 June 2021
3550,40,Male,Dubai,Silver,MobileApp,29 March 2023
3551,18,Male,Abu Dhabi,Gold,Store,02 October 2023
3552,35,Male,Abu Dhabi,Silver,Website,16 March 2021
3553,35,Male,Abu Dhabi,Gold,Amazon.ae,18 May 2021
3554,40,Female,Abu Dhabi,Gold,Store,24 April 2022
3555,50,Male,Dubai,Silver,Store,07 July 2022
3556,18,Female,Dubai,Silver,MobileApp,19 August 2024
3557,20,Female,Abu Dhabi,Gold,Website,22 January 2022
3558,45,Female,Sharjah,Silver,Store,17 April 2022
3559,30,Female,Dubai,Platinum,Website,19 September 2024
3560,30,Female,Dubai,Silver,Store,05 November 2021
3561,35,Male,Dubai,Gold,Store,01 April 2025
3562,35,Male,Abu Dhabi,Silver,Store,06 June 2023
3563,50,Female,Abu Dhabi,Gold,MobileApp,02 December 2022
3564,60,Female,Dubai,Silver,Website,13 April 2025
3565,35,Female,Abu Dhabi,Silver,Website,01 April 2024
3566,25,Male,Dubai,Silver,Amazon.ae,27 September 2023
3567,45,Female,Dubai,Silver,Store,10 August 2023
3568,18,Male,Sharjah,Silver,MobileApp,15 December 2023
3569,20,Male,Dubai,Silver,Amazon.ae,25 February 2023
3570,45,Male,Dubai,Gold,Store,18 January 2025
3571,25,Female,Sharjah,Silver,Store,01 November 2021
3572,20,Female,Sharjah,Gold,Noon,12 April 2021
3573,20,Male,Abu Dhabi,Silver,Noon,27 April 2025
3574,45,Female,Dubai,Silver,Store,14 February 2023
3575,30,Male,Dubai,Silver,Store,12 November 2024
3576,35,Male,Sharjah,Platinum,Store,03 September 2025
3577,20,Male,Abu Dhabi,Gold,Store,16 May 2024
3578,40,Male,Sharjah,Silver,Store,31 August 2024
3579,40,Male,Dubai,Gold,Website,09 December 2023
3580,25,Male,Dubai,Silver,Amazon.ae,26 July 2022
3581,25,Female,Sharjah,Silver,Store,22 March 2025
3582,20,Female,Abu Dhabi,Silver,MobileApp,28 May 2021
3583,55,Male,Dubai,Silver,Store,19 May 2024
3584,35,Male,Dubai,Silver,Store,27 October 2024
3585,50,Male,Dubai,Gold,Website,13 August 2025
3586,25,Male,Dubai,Silver,Store,20 August 2022
3587,40,Male,Dubai,Gold,Store,05 September 2023
3588,40,Male,Dubai,Silver,Amazon.ae,23 August 2025
3589,35,Female,Abu Dhabi,Silver,Store,07 December 2023
3590,55,Female,Dubai,Gold,MobileApp,25 August 2025
3591,25,Male,Sharjah,Gold,Store,14 May 2022
3592,20,Male,Dubai,Platinum,Store,04 June 2021
3593,35,Male,Abu Dhabi,Silver,Website,18 August 2021
3594,35,Female,Dubai,Gold,MobileApp,16 August 2024
3595,30,Male,Abu Dhabi,Gold,Store,07 June 2021
3596,20,Male,Sharjah,Silver,Website,24 August 2025
3597,30,Female,Sharjah,Silver,Amazon.ae,12 July 2023
3598,25,Male,Abu Dhabi,Silver,MobileApp,24 June 2024
3599,25,Male,Dubai,Silver,Store,22 July 2022
3600,35,Male,Sharjah,Silver,MobileApp,20 March 2024
3601,35,Male,Sharjah,Platinum,Website,26 October 2021
3602,20,Male,Sharjah,Silver,MobileApp,14 December 2023
3603,25,Male,Dubai,Gold,Website,31 May 2024
3604,25,Male,Sharjah,Gold,Store,05 February 2023
3605,20,Male,Dubai,Silver,Website,23 May 2025
3606,40,Female,Dubai,Silver,Website,19 July 2022
3607,50,Male,Dubai,Silver,Website,12 April 2022
3608,25,Male,Dubai,Gold,Amazon.ae,01 May 2022
3609,40,Female,Abu Dhabi,Platinum,Amazon.ae,25 April 2025
3610,45,Female,Sharjah,Silver,Website,20 March 2022
3611,40,Female,Abu Dhabi,Gold,Website,24 June 2023
3612,20,Male,Abu Dhabi,Silver,Website,13 May 2023
3613,55,Male,Abu Dhabi,Gold,Website,07 March 2024
3614,25,Female,Abu Dhabi,Silver,Noon,15 July 2023
3615,25,Female,Dubai,Silver,Website,01 August 2025
3616,18,Male,Sharjah,Silver,Store,19 October 2021
3617,30,Female,Abu Dhabi,Silver,Website,18 May 2024
3618,20,Male,Abu Dhabi,Silver,Website,04 September 2025
3619,20,Female,Abu Dhabi,Gold,Website,17 September 2025
3620,25,Female,Sharjah,Silver,Website,22 January 2023
3621,40,Female,Dubai,Gold,Store,19 May 2024
3622,45,Female,Dubai,Silver,Store,25 May 2023
3623,25,Female,Abu Dhabi,Gold,Store,25 October 2022
3624,45,Male,Dubai,Gold,Store,12 November 2024
3625,45,Male,Sharjah,Gold,Store,20 November 2024
3626,40,Male,Dubai,Silver,MobileApp,22 February 2024
3627,20,Male,Dubai,Silver,Store,04 May 2025
3628,35,Female,Sharjah,Gold,Amazon.ae,09 July 2023
3629,50,Male,Dubai,Silver,Store,28 June 2023
3630,35,Male,Abu Dhabi,Silver,Store,04 May 2021
3631,25,Female,Dubai,Silver,Website,09 March 2021
3632,30,Female,Dubai,Gold,Store,20 April 2022
3633,35,Male,Abu Dhabi,Gold,Amazon.ae,24 December 2021
3634,30,Male,Dubai,Gold,Store,19 January 2025
3635,20,Male,Sharjah,Silver,Store,01 October 2024
3636,25,Female,Abu Dhabi,Silver,Amazon.ae,05 June 2022
3637,40,Male,Dubai,Platinum,Store,19 July 2025
3638,45,Female,Abu Dhabi,Silver,Store,13 April 2023
3639,20,Male,Abu Dhabi,Silver,Store,16 September 2022
3640,55,Male,Dubai,Silver,Website,02 March 2025
3641,25,Female,Dubai,Silver,Store,13 September 2024
3642,35,Male,Dubai,Silver,Website,15 September 2024
3643,40,Male,Abu Dhabi,Silver,MobileApp,09 May 2025
3644,40,Male,Abu Dhabi,Silver,Amazon.ae,03 March 2022
3645,50,Male,Abu Dhabi,Silver,Store,06 October 2023
3646,25,Male,Abu Dhabi,Gold,Store,19 March 2022
3647,45,Male,Abu Dhabi,Silver,Store,24 August 2022
3648,20,Male,Abu Dhabi,Silver,Website,24 January 2024
3649,35,Male,Abu Dhabi,Gold,Store,01 February 2023
3650,35,Female,Dubai,Platinum,MobileApp,13 August 2023
3651,35,Female,Sharjah,Silver,MobileApp,14 January 2025
3652,25,Male,Abu Dhabi,Gold,Store,02 September 2024
3653,45,Female,Sharjah,Silver,Website,02 May 2022
3654,20,Male,Abu Dhabi,Silver,Store,29 August 2025
3655,18,Male,Dubai,Silver,Store,09 January 2023
3656,35,Male,Abu Dhabi,Silver,Store,10 October 2022
3657,30,Male,Dubai,Gold,Store,15 June 2023
3658,40,Male,Abu Dhabi,Silver,Website,20 May 2025
3659,25,Male,Dubai,Silver,Website,05 January 2021
3660,20,Female,Sharjah,Gold,Store,24 September 2022
3661,40,Female,Abu Dhabi,Silver,Noon,26 October 2024
3662,30,Male,Abu Dhabi,Gold,Store,21 October 2025
3663,20,Female,Dubai,Gold,Store,27 May 2023
3664,35,Female,Sharjah,Silver,Store,13 September 2023
3665,30,Female,Sharjah,Platinum,Website,28 April 2025
3666,35,Male,Abu Dhabi,Silver,Noon,26 April 2024
3667,30,Male,Dubai,Silver,Website,26 January 2021
3668,40,Male,Abu Dhabi,Silver,Amazon.ae,11 June 2021
3669,40,Male,Dubai,Gold,Store,15 January 2023
3670,35,Female,Abu Dhabi,Gold,Store,28 February 2024
3671,20,Male,Dubai,Silver,Website,17 June 2022
3672,40,Male,Abu Dhabi,Silver,Website,02 June 2023
3673,35,Female,Abu Dhabi,Silver,Store,14 February 2022
3674,35,Female,Dubai,Gold,Amazon.ae,22 July 2025
3675,25,Male,Dubai,Gold,Store,31 May 2025
3676,45,Female,Sharjah,Gold,Store,02 January 2024
3677,35,Male,Dubai,Gold,Website,10 June 2024
3678,20,Male,Abu Dhabi,Silver,Website,05 May 2023
3679,25,Male,Dubai,Silver,Store,04 February 2024
3680,45,Female,Dubai,Silver,Store,20 June 2023
3681,18,Female,Dubai,Gold,Website,09 January 2021
3682,55,Male,Abu Dhabi,Silver,Website,13 July 2025
3683,35,Male,Dubai,Silver,MobileApp,19 February 2021
3684,35,Male,Sharjah,Platinum,MobileApp,26 March 2025
3685,25,Male,Abu Dhabi,Gold,Store,07 July 2025
3686,20,Male,Dubai,Silver,Noon,18 March 2022
3687,50,Male,Abu Dhabi,Gold,MobileApp,02 June 2025
3688,25,Female,Dubai,Platinum,Store,05 February 2021
3689,40,Female,Abu Dhabi,Silver,Store,10 May 2024
3690,25,Male,Dubai,Silver,Store,28 April 2021
3691,20,Male,Dubai,Silver,Website,03 December 2022
3692,18,Male,Abu Dhabi,Silver,Amazon.ae,24 January 2023
3693,30,Male,Sharjah,Gold,MobileApp,07 April 2024
3694,55,Female,Dubai,Silver,Amazon.ae,16 March 2025
3695,25,Female,Sharjah,Silver,Store,18 August 2021
3696,25,Male,Dubai,Silver,Website,14 July 2022
3697,25,Male,Sharjah,Silver,Store,19 March 2024
3698,30,Female,Abu Dhabi,Silver,Store,27 July 2021
3699,25,Male,Dubai,Gold,Website,21 December 2023
3700,45,Female,Dubai,Silver,Store,15 February 2024
3701,30,Male,Dubai,Gold,Website,27 August 2021
3702,30,Female,Dubai,Gold,Website,17 May 2023
3703,20,Male,Dubai,Silver,MobileApp,17 February 2021
3704,60,Female,Abu Dhabi,Gold,Store,11 January 2025
3705,20,Female,Sharjah,Gold,MobileApp,27 January 2023
3706,18,Male,Dubai,Silver,Noon,31 January 2025
3707,35,Female,Abu Dhabi,Silver,Amazon.ae,09 August 2024
3708,30,Female,Abu Dhabi,Gold,MobileApp,19 December 2024
3709,25,Male,Sharjah,Platinum,Website,01 June 2022
3710,25,Male,Abu Dhabi,Silver,Store,24 June 2025
3711,40,Male,Abu Dhabi,Silver,MobileApp,24 July 2021
3712,20,Male,Dubai,Silver,MobileApp,18 April 2024
3713,40,Male,Dubai,Silver,Website,02 April 2025
3714,35,Female,Dubai,Silver,MobileApp,31 March 2021
3715,25,Male,Dubai,Silver,Store,15 May 2022
3716,30,Female,Dubai,Silver,Store,06 February 2024
3717,25,Male,Abu Dhabi,Silver,Website,28 April 2024
3718,40,Male,Dubai,Silver,Store,18 April 2024
3719,30,Male,Abu Dhabi,Silver,Store,10 November 2023
3720,25,Male,Dubai,Silver,Store,14 October 2024
3721,30,Male,Sharjah,Silver,Store,21 June 2025
3722,60,Male,Sharjah,Gold,MobileApp,24 October 2025
3723,25,Male,Dubai,Platinum,Website,07 August 2025
3724,50,Female,Dubai,Silver,Store,07 January 2021
3725,25,Female,Abu Dhabi,Silver,Website,18 November 2021
3726,18,Male,Dubai,Silver,Store,25 September 2021
3727,20,Female,Dubai,Silver,Website,21 December 2024
3728,25,Female,Dubai,Silver,Store,23 October 2021
3729,20,Male,Sharjah,Silver,Amazon.ae,17 March 2025
3730,18,Female,Sharjah,Gold,Store,24 July 2022
3731,50,Female,Abu Dhabi,Silver,Website,11 November 2024
3732,40,Male,Abu Dhabi,Silver,Amazon.ae,21 September 2021
3733,35,Male,Sharjah,Gold,Noon,31 March 2021
3734,20,Male,Sharjah,Gold,Store,20 February 2025
3735,20,Male,Sharjah,Silver,Website,30 May 2025
3736,18,Female,Dubai,Silver,Store,03 May 2023
3737,35,Male,Dubai,Silver,Website,08 July 2024
3738,50,Female,Abu Dhabi,Silver,Store,03 May 2022
3739,25,Female,Abu Dhabi,Silver,MobileApp,26 September 2024
3740,20,Female,Dubai,Silver,Store,14 September 2024
3741,30,Female,Dubai,Silver,Website,05 February 2022
3742,25,Male,Sharjah,Gold,Website,23 December 2021
3743,25,Male,Sharjah,Gold,Noon,25 January 2023
3744,35,Female,Dubai,Silver,Website,14 May 2022
3745,35,Male,Sharjah,Silver,Store,14 April 2023
3746,20,Male,Abu Dhabi,Silver,Store,11 March 2022
3747,18,Female,Sharjah,Silver,Store,29 April 2021
3748,60,Female,Dubai,Silver,MobileApp,07 December 2023
3749,20,Male,Dubai,Gold,Website,06 April 2024
3750,18,Female,Dubai,Gold,Website,20 October 2023
3751,20,Female,Dubai,Gold,Store,14 December 2021
3752,18,Male,Abu Dhabi,Gold,MobileApp,08 March 2025
3753,25,Male,Dubai,Platinum,Website,23 June 2022
3754,40,Female,Sharjah,Gold,Noon,12 August 2024
3755,25,Male,Dubai,Platinum,Website,17 March 2025
3756,25,Male,Dubai,Silver,Store,12 April 2024
3757,35,Male,Abu Dhabi,Silver,Store,19 November 2024
3758,30,Female,Abu Dhabi,Silver,Store,30 August 2025
3759,45,Male,Dubai,Platinum,MobileApp,14 June 2022
3760,45,Male,Abu Dhabi,Silver,MobileApp,15 June 2025
3761,18,Male,Abu Dhabi,Silver,Store,30 October 2021
3762,40,Female,Abu Dhabi,Silver,Store,21 July 2021
3763,30,Male,Abu Dhabi,Gold,Store,06 April 2025
3764,60,Female,Dubai,Silver,Amazon.ae,05 June 2021
3765,30,Female,Abu Dhabi,Gold,Store,14 January 2021
3766,60,Male,Sharjah,Platinum,Store,10 November 2023
3767,40,Female,Dubai,Gold,Store,26 January 2023
3768,20,Female,Dubai,Silver,Store,08 June 2023
3769,30,Female,Sharjah,Silver,MobileApp,20 January 2025
3770,60,Male,Dubai,Silver,Amazon.ae,11 April 2024
3771,45,Female,Dubai,Silver,Store,21 March 2022
3772,18,Female,Sharjah,Silver,Website,02 May 2021
3773,35,Female,Dubai,Gold,Store,01 March 2025
3774,25,Male,Dubai,Silver,Noon,03 July 2021
3775,18,Female,Sharjah,Gold,Store,23 May 2025
3776,25,Male,Sharjah,Platinum,Store,02 November 2022
3777,20,Male,Dubai,Silver,Website,18 February 2021
3778,40,Male,Abu Dhabi,Platinum,Store,30 June 2021
3779,25,Female,Sharjah,Gold,Store,18 November 2024
3780,40,Male,Abu Dhabi,Silver,Website,17 November 2024
3781,18,Male,Dubai,Silver,MobileApp,03 October 2024
3782,25,Female,Dubai,Silver,Website,08 February 2025
3783,20,Male,Dubai,Silver,Website,21 May 2021
3784,20,Female,Sharjah,Gold,Website,14 June 2022
3785,18,Male,Sharjah,Silver,Website,03 August 2025
3786,20,Male,Sharjah,Gold,Website,07 August 2022
3787,30,Female,Sharjah,Silver,Website,16 April 2022
3788,25,Female,Abu Dhabi,Silver,Store,10 July 2024
3789,25,Male,Dubai,Silver,Store,23 May 2021
3790,25,Female,Abu Dhabi,Silver,Store,08 December 2022
3791,45,Male,Abu Dhabi,Silver,Store,15 March 2024
3792,50,Male,Abu Dhabi,Silver,MobileApp,21 October 2021
3793,30,Male,Dubai,Gold,Store,11 April 2025
3794,25,Male,Sharjah,Gold,Store,13 March 2025
3795,20,Male,Dubai,Silver,Store,26 February 2022
3796,55,Male,Dubai,Silver,Store,14 May 2025
3797,18,Male,Abu Dhabi,Silver,MobileApp,18 July 2022
3798,25,Male,Abu Dhabi,Silver,Website,21 February 2022
3799,25,Male,Dubai,Gold,MobileApp,23 October 2022
3800,25,Female,Sharjah,Gold,Store,02 July 2023
3801,20,Female,Dubai,Gold,Amazon.ae,05 February 2024
3802,40,Female,Dubai,Silver,Noon,03 September 2024
3803,20,Male,Dubai,Gold,Website,28 February 2021
3804,35,Female,Abu Dhabi,Silver,Amazon.ae,13 October 2023
3805,20,Female,Sharjah,Platinum,Website,15 September 2021
3806,18,Male,Sharjah,Silver,Amazon.ae,04 March 2023
3807,50,Male,Sharjah,Silver,MobileApp,19 December 2024
3808,20,Female,Dubai,Silver,Noon,15 June 2022
3809,40,Female,Dubai,Silver,Website,15 June 2021
3810,30,Female,Abu Dhabi,Gold,MobileApp,15 November 2023
3811,18,Female,Dubai,Gold,Website,04 January 2021
3812,55,Female,Sharjah,Silver,Store,03 January 2021
3813,20,Female,Abu Dhabi,Gold,Store,22 February 2022
3814,45,Male,Sharjah,Silver,Amazon.ae,28 December 2021
3815,20,Male,Dubai,Silver,Store,25 June 2023
3816,45,Female,Dubai,Platinum,Website,04 January 2022
3817,18,Male,Abu Dhabi,Gold,Store,23 June 2022
3818,30,Female,Dubai,Silver,Store,30 May 2023
3819,40,Female,Abu Dhabi,Silver,Amazon.ae,12 December 2021
3820,50,Female,Dubai,Silver,Amazon.ae,01 January 2023
3821,50,Female,Dubai,Gold,Website,16 June 2023
3822,40,Male,Dubai,Platinum,Store,04 December 2023
3823,45,Male,Dubai,Silver,Website,25 December 2022
3824,20,Male,Abu Dhabi,Gold,Store,18 July 2022
3825,25,Female,Dubai,Silver,Store,22 March 2024
3826,25,Female,Dubai,Silver,Store,21 July 2021
3827,25,Female,Dubai,Platinum,Website,17 November 2021
3828,25,Male,Dubai,Silver,Store,09 April 2022
3829,30,Male,Dubai,Silver,Website,01 November 2023
3830,20,Female,Dubai,Gold,Store,23 May 2025
3831,35,Male,Abu Dhabi,Silver,Store,04 June 2024
3832,20,Male,Abu Dhabi,Silver,Store,25 September 2022
3833,25,Female,Abu Dhabi,Platinum,Noon,29 November 2021
3834,30,Female,Sharjah,Gold,Website,01 February 2025
3835,40,Male,Dubai,Gold,Store,15 January 2021
3836,35,Female,Abu Dhabi,Silver,Website,17 December 2023
3837,35,Male,Sharjah,Silver,Amazon.ae,15 September 2024
3838,20,Female,Dubai,Platinum,MobileApp,24 December 2023
3839,30,Male,Abu Dhabi,Silver,MobileApp,18 August 2021
3840,18,Male,Dubai,Silver,Store,11 January 2021
3841,25,Female,Dubai,Silver,Website,15 July 2025
3842,25,Male,Abu Dhabi,Silver,MobileApp,01 June 2024
3843,18,Female,Dubai,Silver,Website,27 October 2025
3844,25,Female,Dubai,Gold,Amazon.ae,19 July 2025
3845,55,Female,Dubai,Platinum,Store,11 August 2025
3846,55,Female,Dubai,Silver,Store,30 October 2025
3847,25,Male,Dubai,Gold,Amazon.ae,26 June 2022
3848,18,Female,Abu Dhabi,Gold,Website,10 March 2025
3849,20,Male,Abu Dhabi,Gold,Store,06 June 2022
3850,25,Male,Abu Dhabi,Silver,Store,14 December 2023
3851,50,Female,Dubai,Silver,Amazon.ae,18 September 2025
3852,20,Male,Sharjah,Silver,Store,09 October 2025
3853,40,Female,Abu Dhabi,Silver,Store,06 February 2023
3854,20,Male,Dubai,Silver,Store,26 March 2024
3855,60,Female,Sharjah,Silver,Amazon.ae,03 October 2022
3856,25,Female,Abu Dhabi,Silver,Amazon.ae,24 July 2022
3857,40,Male,Abu Dhabi,Silver,Website,09 February 2022
3858,25,Female,Dubai,Silver,Website,23 November 2024
3859,35,Female,Dubai,Silver,Store,08 December 2022
3860,20,Male,Sharjah,Gold,Store,18 July 2023
3861,20,Male,Abu Dhabi,Silver,MobileApp,27 November 2024
3862,50,Female,Abu Dhabi,Gold,Store,31 May 2025
3863,50,Male,Abu Dhabi,Platinum,Website,18 January 2024
3864,45,Male,Sharjah,Gold,Website,16 August 2022
3865,35,Female,Dubai,Gold,Store,05 July 2021
3866,40,Male,Abu Dhabi,Platinum,Website,14 June 2023
3867,18,Female,Dubai,Silver,Website,20 March 2021
3868,25,Female,Abu Dhabi,Platinum,MobileApp,25 May 2021
3869,25,Female,Abu Dhabi,Gold,Store,23 July 2025
3870,35,Male,Dubai,Gold,Store,14 January 2021
3871,25,Male,Abu Dhabi,Silver,Website,13 July 2025
3872,20,Male,Dubai,Silver,Noon,02 January 2021
3873,30,Female,Dubai,Gold,Store,31 May 2022
3874,40,Male,Dubai,Gold,Noon,26 January 2023
3875,25,Male,Dubai,Gold,MobileApp,07 March 2021
3876,20,Male,Dubai,Silver,MobileApp,03 September 2021
3877,20,Male,Dubai,Silver,Store,14 June 2025
3878,20,Male,Abu Dhabi,Silver,Store,24 December 2024
3879,25,Female,Abu Dhabi,Silver,Store,10 September 2025
3880,35,Male,Abu Dhabi,Silver,Store,26 July 2022
3881,35,Male,Dubai,Silver,Noon,09 June 2024
3882,35,Male,Sharjah,Silver,Store,12 March 2022
3883,25,Female,Abu Dhabi,Silver,Website,19 December 2021
3884,40,Female,Dubai,Silver,Store,08 September 2025
3885,20,Male,Sharjah,Platinum,MobileApp,10 November 2022
3886,30,Female,Dubai,Gold,Store,18 January 2022
3887,40,Male,Abu Dhabi,Gold,Store,30 September 2025
3888,20,Female,Dubai,Silver,Store,20 December 2023
3889,20,Male,Dubai,Gold,MobileApp,15 April 2022
3890,45,Female,Sharjah,Silver,Store,05 December 2024
3891,25,Female,Dubai,Platinum,Store,12 January 2024
3892,35,Female,Dubai,Gold,Store,15 March 2021
3893,18,Male,Sharjah,Silver,Noon,27 August 2024
3894,35,Male,Sharjah,Gold,Website,17 January 2025
3895,25,Female,Abu Dhabi,Silver,MobileApp,26 January 2021
3896,18,Male,Dubai,Silver,Website,20 December 2024
3897,35,Female,Dubai,Gold,Store,01 November 2024
3898,20,Female,Abu Dhabi,Silver,Website,20 June 2024
3899,25,Female,Dubai,Silver,Store,15 April 2023
3900,18,Male,Dubai,Gold,Store,20 September 2022
3901,20,Female,Abu Dhabi,Silver,Website,08 September 2024
3902,25,Female,Dubai,Gold,Website,18 April 2024
3903,18,Female,Dubai,Platinum,Store,13 February 2023
3904,50,Male,Dubai,Silver,Store,06 October 2023
3905,18,Male,Dubai,Silver,MobileApp,08 July 2025
3906,30,Male,Dubai,Silver,MobileApp,23 September 2021
3907,20,Male,Dubai,Silver,Store,04 July 2022
3908,25,Female,Dubai,Silver,Store,04 November 2024
3909,50,Female,Abu Dhabi,Silver,Amazon.ae,18 March 2021
3910,20,Male,Sharjah,Silver,MobileApp,26 June 2025
3911,55,Female,Dubai,Silver,Noon,28 March 2025
3912,20,Male,Abu Dhabi,Gold,Store,09 December 2023
3913,35,Male,Dubai,Gold,Website,11 October 2023
3914,30,Male,Dubai,Gold,Store,01 July 2024
3915,45,Male,Dubai,Silver,Website,04 November 2024
3916,30,Female,Abu Dhabi,Silver,Store,26 June 2024
3917,30,Male,Abu Dhabi,Gold,Store,01 January 2024
3918,20,Female,Abu Dhabi,Silver,Store,23 March 2022
3919,20,Male,Dubai,Silver,Website,21 May 2022
3920,50,Female,Dubai,Gold,Website,29 September 2025
3921,25,Male,Abu Dhabi,Silver,Website,30 June 2024
3922,25,Male,Dubai,Silver,Amazon.ae,23 September 2023
3923,40,Male,Abu Dhabi,Gold,MobileApp,20 May 2023
3924,25,Male,Abu Dhabi,Platinum,Website,26 October 2021
3925,55,Male,Abu Dhabi,Silver,Noon,04 January 2023
3926,35,Female,Sharjah,Silver,Website,20 December 2023
3927,30,Female,Sharjah,Silver,Store,12 October 2024
3928,45,Female,Abu Dhabi,Gold,Noon,06 June 2021
3929,18,Male,Abu Dhabi,Silver,Store,08 December 2021
3930,25,Male,Dubai,Silver,Website,01 September 2023
3931,30,Male,Sharjah,Platinum,Store,13 June 2023
3932,20,Female,Dubai,Silver,Website,10 May 2024
3933,35,Female,Dubai,Platinum,Website,25 November 2023
3934,50,Female,Dubai,Platinum,Store,08 April 2025
3935,25,Female,Dubai,Silver,Website,19 January 2025
3936,25,Male,Abu Dhabi,Gold,MobileApp,06 July 2023
3937,55,Male,Abu Dhabi,Silver,Store,03 April 2024
3938,25,Male,Dubai,Gold,Store,18 November 2023
3939,30,Male,Dubai,Gold,Store,27 October 2024
3940,25,Male,Sharjah,Silver,MobileApp,10 November 2021
3941,50,Male,Abu Dhabi,Gold,MobileApp,08 May 2025
3942,30,Female,Sharjah,Gold,Amazon.ae,31 July 2024
3943,40,Female,Dubai,Silver,Store,14 August 2024
3944,40,Female,Abu Dhabi,Silver,Store,20 April 2022
3945,25,Female,Dubai,Silver,Store,20 August 2022
3946,25,Male,Dubai,Silver,Store,04 October 2024
3947,40,Male,Dubai,Platinum,Website,28 September 2022
3948,25,Female,Dubai,Gold,Noon,21 March 2022
3949,40,Male,Dubai,Silver,Store,15 May 2024
3950,50,Male,Sharjah,Silver,Noon,21 February 2022
3951,35,Male,Dubai,Silver,Store,15 March 2022
3952,35,Male,Dubai,Silver,Amazon.ae,14 June 2021
3953,40,Male,Dubai,Silver,Store,02 May 2025
3954,40,Male,Dubai,Silver,Amazon.ae,24 February 2022
3955,25,Male,Abu Dhabi,Silver,Store,26 October 2024
3956,18,Female,Dubai,Platinum,Amazon.ae,19 August 2025
3957,25,Male,Abu Dhabi,Gold,Store,13 July 2024
3958,35,Male,Dubai,Gold,Store,26 July 2024
3959,30,Male,Abu Dhabi,Silver,Website,15 September 2023
3960,35,Male,Abu Dhabi,Platinum,Store,27 April 2022
3961,25,Female,Sharjah,Gold,Website,01 June 2022
3962,35,Female,Sharjah,Gold,Noon,23 March 2021
3963,20,Female,Abu Dhabi,Silver,Website,29 April 2021
3964,35,Male,Dubai,Silver,MobileApp,19 July 2025
3965,30,Female,Abu Dhabi,Silver,Store,19 August 2024
3966,20,Female,Abu Dhabi,Silver,Website,23 May 2024
3967,25,Male,Sharjah,Gold,Website,28 January 2021
3968,35,Male,Dubai,Platinum,Amazon.ae,20 February 2023
3969,30,Male,Dubai,Silver,Store,13 May 2022
3970,20,Female,Abu Dhabi,Silver,Website,21 June 2022
3971,55,Female,Dubai,Gold,Store,03 June 2022
3972,35,Male,Dubai,Silver,Store,13 July 2021
3973,55,Female,Dubai,Gold,Store,15 August 2022
3974,25,Male,Abu Dhabi,Gold,Store,18 March 2022
3975,30,Male,Sharjah,Silver,Store,26 November 2023
3976,45,Female,Dubai,Gold,Store,15 September 2021
3977,30,Female,Dubai,Silver,MobileApp,23 April 2021
3978,35,Male,Dubai,Gold,Store,10 August 2024
3979,25,Male,Dubai,Gold,Amazon.ae,04 October 2025
3980,25,Male,Abu Dhabi,Gold,Store,14 January 2021
3981,20,Male,Abu Dhabi,Silver,Store,18 August 2025
3982,20,Female,Dubai,Silver,Website,30 June 2023
3983,18,Female,Abu Dhabi,Silver,Website,09 June 2025
3984,18,Female,Abu Dhabi,Silver,Website,20 May 2021
3985,55,Male,Dubai,Gold,Website,26 October 2024
3986,20,Female,Dubai,Silver,Store,21 December 2024
3987,35,Male,Sharjah,Gold,Website,26 January 2024
3988,40,Female,Dubai,Silver,Website,28 November 2022
3989,30,Female,Abu Dhabi,Silver,Store,20 February 2025
3990,20,Female,Dubai,Gold,MobileApp,27 September 2024
3991,35,Male,Abu Dhabi,Silver,MobileApp,20 May 2023
3992,35,Male,Abu Dhabi,Gold,Store,24 February 2025
3993,35,Male,Abu Dhabi,Silver,MobileApp,04 March 2025
3994,40,Female,Sharjah,Platinum,Amazon.ae,26 December 2024
3995,55,Male,Sharjah,Silver,Website,08 July 2021
3996,30,Male,Abu Dhabi,Gold,Store,23 March 2021
3997,25,Male,Dubai,Silver,Amazon.ae,18 April 2024
3998,35,Female,Dubai,Silver,Store,16 August 2023
3999,18,Male,Abu Dhabi,Platinum,Store,17 June 2023
4000,45,Female,Abu Dhabi,Gold,Store,25 August 2023
4001,20,Female,Dubai,Silver,MobileApp,09 December 2024
4002,25,Female,Dubai,Silver,Amazon.ae,03 February 2024
4003,40,Male,Abu Dhabi,Silver,Website,16 January 2022
4004,30,Male,Dubai,Silver,Noon,23 December 2022
4005,25,Male,Dubai,Gold,Store,25 November 2021
4006,30,Male,Abu Dhabi,Silver,Store,26 June 2024
4007,45,Male,Abu Dhabi,Silver,Website,13 March 2021
4008,25,Female,Dubai,Gold,Noon,24 August 2025
4009,45,Male,Dubai,Silver,Website,13 May 2021
4010,18,Female,Dubai,Gold,Store,17 June 2024
4011,40,Male,Dubai,Platinum,Store,07 January 2024
4012,40,Female,Abu Dhabi,Silver,Store,24 July 2022
4013,20,Female,Abu Dhabi,Gold,Store,06 April 2022
4014,25,Female,Dubai,Silver,Store,05 May 2021
4015,20,Female,Dubai,Silver,Amazon.ae,01 November 2023
4016,35,Female,Dubai,Silver,Website,31 January 2025
4017,30,Female,Sharjah,Silver,Website,01 December 2024
4018,35,Male,Dubai,Silver,Store,30 July 2023
4019,20,Male,Sharjah,Silver,Store,27 January 2021
4020,20,Male,Sharjah,Gold,Website,26 July 2021
4021,18,Male,Abu Dhabi,Gold,Amazon.ae,30 May 2024
4022,25,Male,Abu Dhabi,Platinum,Website,08 November 2021
4023,30,Male,Dubai,Silver,Amazon.ae,17 January 2022
4024,45,Male,Abu Dhabi,Silver,MobileApp,31 August 2024
4025,35,Male,Dubai,Silver,Store,16 May 2024
4026,25,Male,Sharjah,Silver,Store,03 July 2025
4027,55,Female,Dubai,Silver,Website,23 October 2021
4028,35,Male,Abu Dhabi,Gold,Store,06 February 2022
4029,50,Female,Dubai,Silver,Store,29 December 2024
4030,30,Male,Sharjah,Silver,Store,16 May 2025
4031,25,Female,Dubai,Silver,Store,02 May 2021
4032,18,Female,Abu Dhabi,Silver,Amazon.ae,21 January 2023
4033,35,Female,Dubai,Silver,Store,16 April 2021
4034,20,Female,Dubai,Silver,Store,02 March 2023
4035,25,Male,Abu Dhabi,Gold,Website,26 November 2023
4036,30,Female,Sharjah,Silver,Website,23 April 2025
4037,30,Female,Dubai,Gold,Website,13 March 2021
4038,35,Female,Sharjah,Silver,Amazon.ae,22 July 2022
4039,20,Female,Abu Dhabi,Silver,MobileApp,05 April 2024
4040,25,Male,Sharjah,Gold,Website,29 May 2024
4041,35,Female,Dubai,Silver,Store,17 March 2021
4042,55,Male,Dubai,Silver,Website,23 December 2022
4043,35,Female,Sharjah,Gold,Website,07 October 2023
4044,50,Male,Dubai,Silver,MobileApp,19 May 2024
4045,40,Female,Abu Dhabi,Silver,Noon,16 August 2021
4046,30,Male,Dubai,Gold,Website,27 October 2025
4047,20,Male,Dubai,Gold,Website,29 March 2022
4048,35,Female,Abu Dhabi,Silver,Store,05 February 2023
4049,35,Female,Abu Dhabi,Silver,Store,02 May 2022
4050,35,Female,Abu Dhabi,Gold,Store,30 October 2022
4051,30,Male,Dubai,Silver,Store,06 February 2025
4052,30,Male,Dubai,Silver,Store,12 August 2025
4053,25,Female,Dubai,Silver,Store,10 April 2023
4054,30,Female,Dubai,Platinum,Website,02 March 2023
4055,20,Female,Sharjah,Silver,Website,29 August 2023
4056,40,Male,Abu Dhabi,Gold,Website,05 May 2022
4057,20,Female,Dubai,Silver,Website,11 January 2022
4058,18,Male,Sharjah,Silver,Store,19 August 2021
4059,25,Male,Dubai,Gold,Noon,03 December 2022
4060,35,Male,Abu Dhabi,Platinum,Store,02 June 2024
4061,25,Male,Dubai,Silver,Amazon.ae,20 April 2022
4062,25,Female,Abu Dhabi,Silver,Store,20 May 2025
4063,30,Male,Dubai,Platinum,Website,02 July 2025
4064,25,Male,Dubai,Gold,Store,09 January 2024
4065,50,Male,Dubai,Silver,Store,27 July 2025
4066,50,Male,Dubai,Silver,Store,06 September 2025
4067,30,Female,Dubai,Gold,MobileApp,19 May 2025
4068,25,Male,Dubai,Gold,Store,18 May 2024
4069,35,Male,Dubai,Platinum,Website,13 August 2024
4070,18,Female,Abu Dhabi,Silver,Store,22 June 2025
4071,30,Female,Dubai,Silver,Store,10 April 2024
4072,25,Female,Abu Dhabi,Gold,Amazon.ae,18 January 2024
4073,50,Male,Dubai,Silver,Amazon.ae,14 August 2021
4074,18,Female,Sharjah,Silver,Website,23 May 2021
4075,30,Female,Sharjah,Silver,Store,09 December 2022
4076,35,Female,Dubai,Silver,Store,11 September 2025
4077,30,Female,Abu Dhabi,Silver,Noon,23 February 2021
4078,18,Male,Dubai,Gold,Store,15 July 2021
4079,55,Female,Sharjah,Gold,MobileApp,19 October 2025
4080,30,Male,Abu Dhabi,Silver,Store,21 February 2025
4081,35,Male,Dubai,Silver,Noon,25 April 2023
4082,20,Male,Dubai,Silver,Store,25 October 2021
4083,30,Male,Dubai,Gold,Store,24 December 2024
4084,25,Female,Dubai,Silver,Website,21 June 2022
4085,18,Female,Abu Dhabi,Gold,Noon,02 August 2022
4086,20,Female,Dubai,Silver,Noon,26 August 2025
4087,40,Female,Dubai,Silver,MobileApp,15 May 2022
4088,20,Male,Dubai,Gold,MobileApp,16 September 2022
4089,20,Male,Dubai,Silver,Website,21 April 2023
4090,30,Female,Dubai,Silver,MobileApp,25 July 2021
4091,40,Female,Sharjah,Silver,Amazon.ae,30 May 2023
4092,18,Male,Dubai,Silver,Website,06 March 2024
4093,30,Female,Abu Dhabi,Silver,Website,12 February 2022
4094,20,Male,Dubai,Silver,Website,06 October 2021
4095,18,Male,Dubai,Gold,Website,08 January 2025
4096,18,Male,Abu Dhabi,Gold,Amazon.ae,08 November 2022
4097,40,Male,Dubai,Gold,Store,30 July 2023
4098,20,Female,Dubai,Silver,Store,28 September 2021
4099,18,Female,Abu Dhabi,Gold,Website,17 March 2022
4100,25,Male,Dubai,Silver,Store,05 June 2024
4101,40,Female,Dubai,Silver,Website,07 May 2021
4102,25,Female,Abu Dhabi,Silver,Amazon.ae,17 July 2024
4103,25,Male,Abu Dhabi,Platinum,Website,02 May 2022
4104,18,Male,Dubai,Silver,Amazon.ae,02 July 2022
4105,25,Female,Dubai,Platinum,Store,24 March 2024
4106,30,Female,Dubai,Silver,Amazon.ae,08 August 2025
4107,30,Female,Dubai,Silver,Website,13 September 2023
4108,25,Male,Abu Dhabi,Silver,Store,26 July 2023
4109,25,Female,Sharjah,Gold,Website,11 February 2023
4110,20,Male,Sharjah,Silver,Noon,19 January 2021
4111,25,Male,Dubai,Gold,Store,01 March 2022
4112,18,Male,Dubai,Gold,Website,25 July 2023
4113,40,Male,Abu Dhabi,Gold,Amazon.ae,27 February 2021
4114,55,Male,Dubai,Silver,Store,27 February 2022
4115,55,Male,Abu Dhabi,Platinum,Website,21 April 2025
4116,45,Male,Abu Dhabi,Gold,Website,13 October 2025
4117,35,Female,Sharjah,Silver,Store,24 April 2023
4118,35,Male,Dubai,Gold,Website,11 August 2025
4119,25,Male,Dubai,Silver,Store,31 January 2024
4120,35,Male,Sharjah,Silver,MobileApp,05 January 2024
4121,30,Male,Abu Dhabi,Silver,Store,23 May 2025
4122,30,Female,Sharjah,Silver,Store,07 March 2021
4123,40,Male,Dubai,Silver,Website,26 March 2023
4124,25,Female,Abu Dhabi,Silver,Store,24 October 2025
4125,25,Male,Abu Dhabi,Gold,Store,20 March 2024
4126,50,Male,Dubai,Platinum,MobileApp,21 June 2023
4127,18,Female,Abu Dhabi,Platinum,Amazon.ae,13 March 2022
4128,30,Female,Abu Dhabi,Silver,Amazon.ae,01 March 2023
4129,50,Male,Dubai,Gold,Website,28 December 2023
4130,35,Female,Dubai,Silver,Amazon.ae,23 August 2021
4131,30,Male,Abu Dhabi,Gold,Amazon.ae,05 October 2025
4132,20,Female,Dubai,Silver,Store,06 November 2022
4133,25,Female,Sharjah,Silver,Store,08 April 2021
4134,45,Female,Dubai,Gold,Store,30 October 2023
4135,30,Female,Dubai,Silver,Website,16 July 2023
4136,30,Male,Sharjah,Silver,Amazon.ae,08 March 2025
4137,18,Female,Sharjah,Gold,Website,31 January 2023
4138,18,Male,Dubai,Silver,Website,22 February 2025
4139,55,Male,Abu Dhabi,Silver,Store,03 March 2022
4140,25,Male,Dubai,Silver,Store,15 August 2021
4141,35,Male,Dubai,Silver,Website,30 May 2025
4142,18,Female,Dubai,Silver,Noon,17 January 2021
4143,35,Female,Dubai,Gold,Store,17 July 2022
4144,50,Female,Sharjah,Silver,Amazon.ae,16 August 2021
4145,30,Male,Abu Dhabi,Gold,Store,07 December 2022
4146,20,Male,Sharjah,Silver,Website,15 June 2024
4147,30,Female,Abu Dhabi,Silver,Website,05 November 2024
4148,40,Male,Dubai,Gold,Amazon.ae,11 November 2024
4149,25,Female,Abu Dhabi,Gold,Store,31 October 2022
4150,45,Female,Sharjah,Gold,Store,11 September 2021
4151,35,Female,Abu Dhabi,Platinum,Store,24 August 2024
4152,45,Male,Abu Dhabi,Silver,Amazon.ae,30 August 2024
4153,35,Female,Sharjah,Silver,Store,17 August 2024
4154,20,Male,Dubai,Gold,Store,28 April 2021
4155,25,Female,Abu Dhabi,Silver,Website,19 February 2021
4156,20,Male,Sharjah,Silver,Website,07 May 2025
4157,50,Male,Sharjah,Silver,MobileApp,19 April 2024
4158,40,Male,Dubai,Gold,Amazon.ae,27 June 2022
4159,35,Female,Abu Dhabi,Silver,Website,23 November 2021
4160,25,Male,Abu Dhabi,Silver,Amazon.ae,07 March 2025
4161,20,Male,Dubai,Silver,MobileApp,28 February 2025
4162,40,Male,Abu Dhabi,Gold,Store,02 August 2023
4163,30,Female,Dubai,Silver,Amazon.ae,23 June 2024
4164,20,Female,Dubai,Silver,Website,25 August 2022
4165,35,Female,Dubai,Gold,Store,16 April 2025
4166,18,Female,Abu Dhabi,Platinum,Website,12 April 2021
4167,25,Male,Dubai,Gold,Store,07 June 2024
4168,30,Male,Dubai,Gold,Store,23 January 2022
4169,20,Female,Dubai,Silver,MobileApp,21 June 2025
4170,60,Male,Dubai,Silver,MobileApp,22 May 2025
4171,20,Male,Dubai,Silver,MobileApp,24 September 2025
4172,20,Male,Dubai,Gold,Store,19 May 2024
4173,20,Male,Abu Dhabi,Silver,Noon,11 October 2022
4174,40,Male,Abu Dhabi,Gold,Store,24 December 2024
4175,25,Male,Dubai,Platinum,Store,05 December 2021
4176,30,Male,Dubai,Silver,Store,03 July 2021
4177,18,Male,Abu Dhabi,Silver,Store,25 February 2021
4178,18,Male,Dubai,Silver,Store,06 September 2023
4179,25,Male,Sharjah,Silver,Website,29 July 2024
4180,40,Male,Abu Dhabi,Silver,Amazon.ae,26 July 2022
4181,45,Female,Dubai,Gold,Noon,26 February 2024
4182,18,Male,Dubai,Silver,MobileApp,18 December 2022
4183,30,Female,Abu Dhabi,Silver,Website,16 October 2025
4184,50,Female,Dubai,Silver,MobileApp,21 July 2025
4185,25,Female,Dubai,Platinum,MobileApp,05 October 2023
4186,40,Male,Dubai,Gold,Website,12 March 2025
4187,20,Male,Abu Dhabi,Platinum,MobileApp,27 May 2025
4188,50,Male,Abu Dhabi,Platinum,Website,04 August 2021
4189,40,Female,Dubai,Silver,Store,19 January 2024
4190,50,Male,Abu Dhabi,Silver,Website,02 August 2023
4191,35,Female,Dubai,Silver,Website,10 November 2021
4192,25,Female,Abu Dhabi,Silver,MobileApp,21 August 2021
4193,50,Male,Dubai,Gold,Store,15 January 2023
4194,25,Male,Abu Dhabi,Silver,Website,29 July 2022
4195,25,Female,Sharjah,Silver,Amazon.ae,07 June 2023
4196,35,Male,Dubai,Gold,Noon,04 September 2021
4197,40,Male,Dubai,Gold,Store,18 March 2022
4198,50,Female,Dubai,Gold,Store,15 May 2021
4199,20,Male,Dubai,Silver,Website,13 October 2023
4200,40,Female,Dubai,Gold,Store,23 October 2023
4201,35,Female,Sharjah,Silver,Store,10 June 2021
4202,18,Female,Sharjah,Silver,Store,20 May 2021
4203,25,Male,Dubai,Gold,MobileApp,31 October 2021
4204,25,Male,Abu Dhabi,Platinum,MobileApp,23 January 2025
4205,25,Male,Abu Dhabi,Silver,Website,04 October 2025
4206,60,Male,Abu Dhabi,Silver,Website,05 May 2021
4207,35,Male,Dubai,Silver,Website,26 July 2023
4208,35,Male,Dubai,Silver,Store,02 October 2024
4209,55,Male,Dubai,Gold,Website,06 June 2025
4210,25,Male,Dubai,Silver,Store,09 September 2024
4211,40,Female,Abu Dhabi,Gold,Website,11 February 2022
4212,25,Male,Abu Dhabi,Gold,Store,01 February 2025
4213,45,Male,Dubai,Silver,Website,13 June 2021
4214,20,Female,Dubai,Silver,Website,12 May 2023
4215,50,Female,Sharjah,Silver,Store,28 August 2021
4216,20,Male,Abu Dhabi,Silver,Store,21 May 2024
4217,25,Male,Sharjah,Silver,Store,29 May 2021
4218,40,Female,Dubai,Silver,Website,07 August 2022
4219,25,Female,Abu Dhabi,Gold,Store,01 February 2024
4220,35,Female,Abu Dhabi,Silver,Store,21 April 2024
4221,25,Female,Sharjah,Gold,Website,20 May 2022
4222,35,Male,Dubai,Silver,MobileApp,16 September 2025
4223,20,Male,Dubai,Gold,Store,09 June 2022
4224,18,Male,Dubai,Platinum,Website,04 November 2024
4225,25,Female,Sharjah,Silver,Amazon.ae,13 August 2025
4226,30,Female,Sharjah,Gold,Amazon.ae,14 February 2023
4227,20,Female,Sharjah,Gold,Store,14 November 2023
4228,25,Male,Sharjah,Gold,MobileApp,02 December 2022
4229,25,Male,Dubai,Gold,Website,02 March 2024
4230,18,Male,Dubai,Silver,Noon,15 October 2023
4231,30,Female,Dubai,Silver,Website,19 February 2021
4232,45,Female,Dubai,Silver,MobileApp,16 August 2023
4233,20,Male,Sharjah,Silver,MobileApp,26 November 2022
4234,30,Male,Sharjah,Platinum,Website,26 January 2021
4235,35,Male,Dubai,Gold,MobileApp,12 October 2022
4236,25,Male,Abu Dhabi,Silver,Store,11 January 2021
4237,35,Female,Sharjah,Gold,Store,19 March 2023
4238,25,Male,Dubai,Gold,Store,31 January 2024
4239,30,Female,Dubai,Silver,Amazon.ae,11 January 2021
4240,18,Female,Dubai,Silver,Website,10 February 2024
4241,35,Female,Dubai,Silver,Website,18 June 2025
4242,35,Male,Abu Dhabi,Gold,Website,11 February 2023
4243,18,Female,Dubai,Gold,Store,09 February 2023
4244,25,Male,Dubai,Silver,Store,31 August 2023
4245,55,Male,Sharjah,Silver,MobileApp,05 April 2024
4246,25,Male,Abu Dhabi,Gold,Noon,11 October 2025
4247,30,Male,Dubai,Platinum,Store,11 February 2022
4248,50,Male,Sharjah,Gold,Store,05 December 2023
4249,35,Male,Dubai,Gold,Store,22 April 2023
4250,30,Female,Dubai,Silver,Store,18 December 2022
4251,40,Male,Sharjah,Silver,Store,25 December 2021
4252,45,Female,Dubai,Silver,Website,08 July 2022
4253,30,Female,Abu Dhabi,Gold,Store,12 October 2021
4254,30,Male,Dubai,Silver,Store,04 February 2022
4255,25,Female,Dubai,Gold,MobileApp,14 January 2025
4256,55,Male,Abu Dhabi,Silver,Noon,24 June 2025
4257,35,Male,Dubai,Gold,Store,07 January 2025
4258,18,Male,Abu Dhabi,Silver,Website,23 January 2022
4259,45,Female,Abu Dhabi,Silver,Store,11 October 2024
4260,30,Male,Sharjah,Gold,Amazon.ae,23 February 2023
4261,18,Female,Abu Dhabi,Silver,Website,01 March 2022
4262,30,Male,Dubai,Platinum,MobileApp,27 October 2023
4263,25,Female,Sharjah,Silver,Store,27 April 2025
4264,45,Male,Abu Dhabi,Silver,Website,17 March 2022
4265,20,Female,Abu Dhabi,Gold,Website,22 December 2021
4266,40,Female,Sharjah,Gold,Store,08 July 2023
4267,30,Female,Abu Dhabi,Silver,Store,04 February 2023
4268,18,Female,Dubai,Platinum,Website,31 May 2025
4269,55,Female,Abu Dhabi,Silver,MobileApp,08 July 2022
4270,30,Male,Dubai,Silver,Store,25 September 2021
4271,25,Male,Dubai,Silver,Website,19 September 2023
4272,30,Male,Abu Dhabi,Silver,Store,25 May 2024
4273,45,Male,Dubai,Silver,Store,05 March 2021
4274,25,Male,Dubai,Silver,Website,18 March 2022
4275,20,Male,Dubai,Silver,Store,11 September 2025
4276,20,Male,Abu Dhabi,Gold,Store,25 June 2022
4277,25,Female,Dubai,Silver,Store,22 July 2024
4278,40,Male,Abu Dhabi,Platinum,Website,15 April 2022
4279,30,Female,Dubai,Gold,Website,24 May 2024
4280,20,Male,Dubai,Silver,Noon,09 May 2025
4281,20,Female,Dubai,Silver,Store,28 May 2023
4282,25,Female,Abu Dhabi,Silver,MobileApp,04 June 2025
4283,50,Male,Dubai,Gold,Store,02 May 2024
4284,25,Male,Sharjah,Silver,Website,13 December 2022
4285,60,Male,Sharjah,Silver,Website,13 January 2021
4286,30,Male,Sharjah,Platinum,Store,10 August 2021
4287,20,Female,Sharjah,Gold,Website,25 September 2025
4288,45,Female,Dubai,Silver,Store,20 November 2024
4289,30,Male,Abu Dhabi,Silver,Store,31 May 2023
4290,35,Male,Abu Dhabi,Gold,Store,19 April 2023
4291,60,Male,Abu Dhabi,Gold,MobileApp,22 January 2023
4292,18,Male,Sharjah,Silver,MobileApp,27 September 2021
4293,18,Female,Abu Dhabi,Silver,Store,14 August 2024
4294,35,Male,Sharjah,Gold,Store,23 June 2025
4295,25,Male,Dubai,Gold,Store,02 January 2023
4296,20,Male,Sharjah,Gold,Store,24 April 2023
4297,18,Male,Abu Dhabi,Silver,MobileApp,08 September 2022
4298,18,Female,Abu Dhabi,Platinum,Website,26 December 2024
4299,40,Male,Dubai,Silver,Store,02 December 2024
4300,20,Female,Abu Dhabi,Silver,Store,06 March 2021
4301,30,Female,Sharjah,Gold,MobileApp,08 August 2025
4302,35,Male,Dubai,Silver,Store,28 November 2023
4303,25,Male,Abu Dhabi,Gold,Store,28 January 2021
4304,18,Female,Dubai,Silver,Website,05 August 2024
4305,40,Female,Sharjah,Gold,Website,25 August 2021
4306,18,Female,Dubai,Silver,Website,24 February 2024
4307,40,Male,Dubai,Gold,Amazon.ae,19 January 2022
4308,45,Female,Dubai,Silver,Store,22 November 2021
4309,25,Male,Abu Dhabi,Gold,MobileApp,26 March 2021
4310,30,Female,Dubai,Gold,Store,19 January 2023
4311,30,Female,Abu Dhabi,Silver,Website,03 September 2021
4312,25,Male,Sharjah,Silver,Amazon.ae,23 January 2022
4313,45,Female,Sharjah,Silver,Website,18 July 2023
4314,45,Male,Dubai,Gold,MobileApp,23 September 2021
4315,25,Female,Sharjah,Silver,MobileApp,31 January 2023
4316,35,Male,Abu Dhabi,Silver,Store,15 March 2023
4317,50,Female,Dubai,Silver,MobileApp,13 May 2024
4318,55,Male,Dubai,Platinum,Amazon.ae,16 August 2021
4319,30,Female,Dubai,Silver,Website,28 August 2021
4320,30,Male,Sharjah,Silver,Store,02 January 2024
4321,25,Male,Dubai,Gold,Store,22 August 2025
4322,55,Male,Dubai,Gold,Store,23 January 2022
4323,20,Female,Abu Dhabi,Silver,Store,13 January 2022
4324,30,Male,Abu Dhabi,Platinum,Website,31 July 2021
4325,25,Female,Abu Dhabi,Gold,Store,30 July 2025
4326,25,Male,Abu Dhabi,Silver,Store,06 March 2023
4327,25,Female,Dubai,Silver,Store,07 November 2022
4328,60,Male,Sharjah,Gold,Website,11 October 2022
4329,18,Male,Dubai,Silver,Website,20 June 2021
4330,30,Male,Abu Dhabi,Silver,MobileApp,21 March 2024
4331,18,Male,Abu Dhabi,Silver,Store,28 August 2025
4332,20,Male,Dubai,Gold,Store,20 March 2023
4333,25,Male,Sharjah,Silver,Store,14 April 2021
4334,30,Female,Dubai,Gold,Store,30 May 2024
4335,25,Female,Dubai,Silver,Store,29 July 2024
4336,25,Female,Sharjah,Gold,MobileApp,12 November 2024
4337,18,Male,Abu Dhabi,Gold,Store,07 January 2022
4338,25,Female,Abu Dhabi,Silver,Amazon.ae,09 May 2021
4339,55,Male,Abu Dhabi,Gold,Website,28 November 2024
4340,50,Female,Sharjah,Silver,Store,08 August 2021
4341,25,Male,Dubai,Gold,MobileApp,11 April 2024
4342,30,Male,Dubai,Silver,MobileApp,17 April 2022
4343,50,Male,Dubai,Silver,Website,15 September 2023
4344,18,Female,Dubai,Platinum,Amazon.ae,16 January 2025
4345,40,Male,Abu Dhabi,Platinum,Store,31 August 2022
4346,50,Female,Dubai,Silver,MobileApp,06 March 2025
4347,18,Male,Dubai,Silver,Store,12 December 2023
4348,20,Female,Dubai,Silver,MobileApp,04 April 2021
4349,55,Female,Abu Dhabi,Gold,Store,19 May 2025
4350,30,Male,Sharjah,Silver,Store,11 November 2023
4351,18,Male,Dubai,Silver,Website,16 April 2021
4352,25,Female,Abu Dhabi,Silver,Store,08 May 2024
4353,25,Male,Dubai,Platinum,Store,07 October 2024
4354,35,Male,Abu Dhabi,Silver,Store,28 July 2024
4355,35,Female,Dubai,Silver,Website,29 July 2024
4356,60,Female,Dubai,Silver,Amazon.ae,04 September 2022
4357,25,Male,Abu Dhabi,Silver,Website,29 April 2023
4358,30,Female,Sharjah,Gold,MobileApp,12 April 2025
4359,30,Male,Dubai,Platinum,Website,22 June 2024
4360,25,Male,Abu Dhabi,Gold,Store,06 August 2023
4361,20,Female,Abu Dhabi,Silver,Store,18 May 2025
4362,55,Male,Sharjah,Gold,Website,04 May 2023
4363,45,Male,Dubai,Silver,Store,05 March 2022
4364,30,Female,Dubai,Silver,Store,28 November 2023
4365,35,Female,Sharjah,Platinum,Website,13 December 2024
4366,20,Female,Dubai,Silver,Website,29 October 2021
4367,30,Female,Dubai,Silver,Store,01 October 2022
4368,35,Female,Dubai,Platinum,MobileApp,12 March 2021
4369,30,Male,Sharjah,Silver,MobileApp,08 October 2022
4370,60,Male,Dubai,Gold,MobileApp,09 June 2022
4371,35,Female,Sharjah,Platinum,Noon,23 June 2021
4372,25,Male,Dubai,Silver,Store,31 March 2021
4373,40,Female,Dubai,Silver,Website,03 January 2022
4374,20,Female,Dubai,Silver,Amazon.ae,12 March 2023
4375,25,Male,Dubai,Silver,Website,15 May 2024
4376,25,Female,Abu Dhabi,Silver,MobileApp,22 December 2023
4377,25,Male,Abu Dhabi,Gold,Store,15 November 2021
4378,40,Male,Dubai,Silver,Website,04 April 2023
4379,30,Female,Dubai,Silver,Store,05 July 2022
4380,40,Male,Abu Dhabi,Silver,Noon,01 March 2021
4381,30,Male,Sharjah,Silver,MobileApp,03 February 2024
4382,25,Male,Abu Dhabi,Gold,Amazon.ae,16 June 2024
4383,40,Female,Sharjah,Silver,Website,25 January 2025
4384,20,Female,Dubai,Gold,Store,07 May 2021
4385,20,Female,Sharjah,Silver,Store,24 March 2021
4386,30,Female,Dubai,Silver,Amazon.ae,28 May 2024
4387,25,Male,Dubai,Silver,Store,02 December 2024
4388,18,Female,Sharjah,Silver,Store,04 August 2023
4389,35,Female,Sharjah,Gold,Website,29 June 2025
4390,30,Male,Abu Dhabi,Silver,Store,09 August 2022
4391,25,Male,Dubai,Platinum,Website,09 October 2022
4392,55,Female,Dubai,Silver,Website,24 December 2024
4393,30,Female,Dubai,Platinum,Website,09 June 2023
4394,45,Female,Sharjah,Silver,Amazon.ae,28 July 2022
4395,20,Female,Dubai,Silver,Store,28 May 2022
4396,30,Male,Sharjah,Silver,Store,08 January 2024
4397,45,Female,Dubai,Silver,Store,06 March 2021
4398,30,Male,Sharjah,Gold,Noon,02 July 2021
4399,35,Male,Sharjah,Silver,Store,26 December 2023
4400,25,Female,Dubai,Silver,Store,15 April 2023
4401,18,Male,Dubai,Silver,Website,16 May 2024
4402,30,Female,Sharjah,Silver,Store,23 February 2021
4403,25,Male,Abu Dhabi,Gold,Noon,29 May 2024
4404,45,Male,Abu Dhabi,Gold,Amazon.ae,24 August 2021
4405,20,Male,Abu Dhabi,Gold,Website,08 June 2023
4406,55,Male,Dubai,Silver,Website,04 September 2022
4407,55,Male,Sharjah,Platinum,Store,17 August 2023
4408,20,Male,Dubai,Gold,Website,14 March 2022
4409,25,Female,Sharjah,Silver,MobileApp,01 October 2023
4410,45,Male,Dubai,Silver,Store,01 February 2024
4411,55,Male,Abu Dhabi,Platinum,Store,30 December 2024
4412,25,Female,Dubai,Silver,Amazon.ae,25 November 2022
4413,25,Female,Dubai,Gold,Store,21 August 2023
4414,30,Male,Dubai,Silver,Website,15 December 2024
4415,35,Female,Abu Dhabi,Silver,Store,06 February 2024
4416,25,Female,Abu Dhabi,Gold,Store,08 June 2022
4417,35,Male,Sharjah,Gold,MobileApp,06 January 2025
4418,18,Male,Dubai,Silver,Store,10 March 2025
4419,18,Female,Abu Dhabi,Gold,Website,08 February 2022
4420,25,Female,Abu Dhabi,Silver,Store,09 December 2021
4421,25,Female,Dubai,Gold,Store,10 June 2025
4422,25,Male,Dubai,Platinum,Amazon.ae,11 March 2023
4423,30,Male,Dubai,Gold,Website,12 September 2024
4424,25,Female,Dubai,Silver,Amazon.ae,02 August 2021
4425,20,Male,Dubai,Silver,Amazon.ae,21 October 2023
4426,25,Male,Abu Dhabi,Gold,Amazon.ae,29 April 2025
4427,55,Female,Dubai,Silver,Amazon.ae,18 November 2021
4428,25,Male,Abu Dhabi,Silver,Store,07 January 2024
4429,25,Female,Sharjah,Platinum,Amazon.ae,15 December 2023
4430,30,Female,Abu Dhabi,Silver,Store,23 February 2023
4431,60,Male,Abu Dhabi,Silver,Store,06 May 2023
4432,20,Female,Dubai,Silver,Store,31 December 2023
4433,35,Male,Sharjah,Silver,Store,28 December 2023
4434,35,Female,Dubai,Silver,Website,29 June 2021
4435,35,Male,Abu Dhabi,Platinum,Store,15 January 2022
4436,18,Male,Sharjah,Silver,Store,22 July 2023
4437,35,Female,Abu Dhabi,Silver,Website,06 September 2025
4438,18,Male,Abu Dhabi,Gold,Store,01 September 2025
4439,30,Female,Dubai,Gold,MobileApp,26 March 2022
4440,35,Male,Dubai,Gold,Store,08 July 2024
4441,20,Male,Abu Dhabi,Silver,Store,10 January 2025
4442,40,Male,Dubai,Gold,Store,19 July 2025
4443,18,Male,Abu Dhabi,Silver,Store,11 May 2021
4444,40,Male,Dubai,Silver,Website,11 June 2024
4445,30,Female,Sharjah,Silver,Website,23 June 2023
4446,20,Female,Dubai,Silver,Store,23 March 2024
4447,20,Female,Abu Dhabi,Silver,Store,26 November 2021
4448,55,Female,Abu Dhabi,Gold,Store,29 September 2022
4449,18,Male,Dubai,Silver,Noon,24 June 2025
4450,20,Female,Dubai,Gold,Store,22 February 2021
4451,25,Male,Dubai,Silver,MobileApp,13 April 2022
4452,35,Female,Dubai,Silver,MobileApp,02 October 2022
4453,30,Male,Dubai,Silver,Store,17 February 2022
4454,20,Female,Dubai,Platinum,Noon,04 November 2023
4455,25,Female,Abu Dhabi,Gold,MobileApp,11 May 2022
4456,20,Female,Dubai,Platinum,Website,21 March 2025
4457,20,Female,Sharjah,Gold,Store,03 January 2022
4458,25,Female,Abu Dhabi,Gold,Website,23 June 2022
4459,35,Female,Dubai,Gold,Store,29 September 2022
4460,20,Male,Dubai,Gold,Store,15 January 2025
4461,25,Male,Sharjah,Silver,MobileApp,14 April 2025
4462,25,Male,Dubai,Silver,Amazon.ae,30 May 2022
4463,55,Male,Abu Dhabi,Silver,Store,26 April 2022
4464,55,Male,Abu Dhabi,Silver,MobileApp,18 February 2022
4465,40,Male,Dubai,Silver,MobileApp,16 August 2021
4466,20,Male,Sharjah,Silver,Store,17 May 2021
4467,18,Female,Dubai,Silver,Store,17 June 2024
4468,25,Female,Dubai,Silver,Store,02 March 2023
4469,25,Male,Sharjah,Platinum,MobileApp,15 April 2023
4470,30,Male,Abu Dhabi,Silver,MobileApp,23 August 2025
4471,40,Male,Sharjah,Silver,Store,17 April 2022
4472,45,Male,Abu Dhabi,Gold,Website,02 June 2022
4473,40,Female,Abu Dhabi,Silver,MobileApp,24 January 2025
4474,25,Male,Sharjah,Silver,MobileApp,01 November 2021
4475,35,Female,Dubai,Silver,Store,17 October 2022
4476,25,Female,Abu Dhabi,Silver,Website,30 June 2021
4477,18,Female,Abu Dhabi,Silver,Amazon.ae,30 January 2021
4478,35,Male,Dubai,Silver,Store,30 August 2023
4479,18,Female,Abu Dhabi,Silver,Store,04 February 2023
4480,25,Male,Dubai,Gold,MobileApp,09 February 2021
4481,25,Male,Abu Dhabi,Silver,Store,06 July 2021
4482,35,Male,Abu Dhabi,Gold,Amazon.ae,15 November 2021
4483,40,Male,Sharjah,Silver,Store,04 June 2024
4484,25,Male,Dubai,Silver,Store,02 January 2023
4485,40,Male,Abu Dhabi,Gold,Store,11 June 2023
4486,25,Female,Dubai,Silver,Store,20 November 2021
4487,25,Female,Abu Dhabi,Gold,Store,01 August 2023
4488,35,Male,Abu Dhabi,Silver,Website,03 December 2023
4489,35,Male,Abu Dhabi,Gold,Store,18 October 2022
4490,60,Female,Sharjah,Silver,Amazon.ae,25 July 2024
4491,20,Male,Sharjah,Silver,Website,04 September 2024
4492,35,Female,Dubai,Gold,Website,23 June 2021
4493,35,Female,Dubai,Gold,Store,16 November 2022
4494,50,Male,Abu Dhabi,Silver,Website,01 December 2023
4495,20,Male,Dubai,Platinum,Website,13 February 2022
4496,40,Male,Dubai,Silver,Store,05 May 2025
4497,30,Male,Abu Dhabi,Silver,Amazon.ae,08 September 2024
4498,25,Male,Dubai,Silver,Store,29 June 2021
4499,30,Female,Dubai,Gold,Store,04 May 2023
4500,25,Male,Sharjah,Platinum,Website,28 March 2024
4501,30,Male,Dubai,Silver,Website,06 February 2021
4502,45,Female,Dubai,Silver,Store,10 February 2022
4503,30,Male,Dubai,Gold,MobileApp,23 June 2022
4504,35,Male,Sharjah,Silver,Website,11 January 2022
4505,30,Male,Sharjah,Silver,Website,13 September 2021
4506,18,Male,Abu Dhabi,Silver,Store,05 October 2021
4507,20,Female,Dubai,Silver,Noon,06 September 2021
4508,30,Male,Sharjah,Silver,Store,24 November 2022
4509,25,Female,Abu Dhabi,Silver,Website,07 November 2023
4510,20,Male,Sharjah,Gold,Store,23 October 2024
4511,30,Male,Abu Dhabi,Gold,MobileApp,05 May 2021
4512,25,Male,Dubai,Silver,Store,28 August 2024
4513,25,Female,Dubai,Silver,Store,31 July 2021
4514,30,Male,Dubai,Silver,MobileApp,17 April 2022
4515,20,Male,Dubai,Silver,Store,19 January 2023
4516,50,Female,Abu Dhabi,Gold,Store,09 December 2024
4517,45,Male,Sharjah,Platinum,Website,15 May 2022
4518,35,Male,Abu Dhabi,Gold,MobileApp,22 March 2023
4519,20,Female,Dubai,Gold,Store,02 October 2025
4520,40,Male,Dubai,Silver,Store,08 June 2023
4521,40,Female,Dubai,Silver,Noon,19 April 2024
4522,40,Male,Dubai,Platinum,Website,13 November 2024
4523,20,Female,Dubai,Platinum,Store,24 July 2025
4524,35,Female,Abu Dhabi,Silver,MobileApp,15 July 2025
4525,40,Male,Dubai,Silver,Website,25 April 2024
4526,30,Female,Sharjah,Gold,Store,29 October 2025
4527,35,Female,Dubai,Silver,Store,25 August 2025
4528,30,Male,Sharjah,Gold,Store,06 July 2025
4529,30,Male,Abu Dhabi,Gold,Amazon.ae,31 January 2025
4530,18,Female,Dubai,Silver,Store,20 January 2025
4531,35,Female,Abu Dhabi,Platinum,Store,03 March 2024
4532,18,Male,Abu Dhabi,Platinum,Amazon.ae,18 September 2025
4533,25,Female,Abu Dhabi,Platinum,Store,24 June 2021
4534,25,Male,Abu Dhabi,Silver,Website,08 July 2024
4535,30,Female,Dubai,Silver,Store,13 November 2021
4536,20,Female,Abu Dhabi,Silver,Website,28 September 2023
4537,35,Female,Sharjah,Silver,Store,04 April 2023
4538,40,Male,Dubai,Silver,Store,20 May 2023
4539,20,Female,Dubai,Silver,Website,20 July 2023
4540,20,Male,Sharjah,Gold,Website,06 June 2023
4541,20,Male,Dubai,Silver,Website,26 September 2021
4542,45,Male,Abu Dhabi,Silver,Website,15 April 2022
4543,30,Female,Abu Dhabi,Silver,Website,12 August 2021
4544,30,Male,Abu Dhabi,Gold,Website,29 June 2024
4545,20,Male,Dubai,Gold,Website,24 December 2023
4546,35,Female,Dubai,Silver,Website,02 September 2023
4547,45,Female,Dubai,Platinum,Website,26 June 2023
4548,40,Female,Abu Dhabi,Silver,Website,10 April 2023
4549,35,Female,Abu Dhabi,Silver,Store,27 January 2025
4550,18,Male,Abu Dhabi,Gold,Store,22 February 2024
4551,20,Female,Abu Dhabi,Gold,Store,25 May 2025
4552,18,Female,Dubai,Silver,Amazon.ae,26 August 2021
4553,25,Male,Dubai,Platinum,MobileApp,16 March 2021
4554,20,Male,Sharjah,Platinum,Website,05 January 2025
4555,25,Male,Dubai,Silver,Store,15 May 2022
4556,25,Male,Dubai,Silver,Store,26 March 2025
4557,50,Female,Dubai,Silver,Amazon.ae,25 September 2021
4558,35,Female,Dubai,Silver,Amazon.ae,19 February 2025
4559,40,Female,Dubai,Silver,Store,14 September 2023
4560,35,Male,Sharjah,Gold,MobileApp,12 June 2025
4561,20,Male,Sharjah,Silver,Store,10 December 2023
4562,35,Female,Sharjah,Gold,Store,06 August 2025
4563,25,Male,Sharjah,Silver,MobileApp,19 December 2023
4564,35,Female,Sharjah,Silver,Website,17 January 2025
4565,25,Male,Abu Dhabi,Silver,MobileApp,24 December 2022
4566,60,Female,Dubai,Silver,Store,01 January 2024
4567,25,Male,Abu Dhabi,Silver,Store,09 July 2021
4568,25,Male,Dubai,Gold,Store,23 September 2023
4569,50,Male,Dubai,Gold,Store,05 May 2025
4570,18,Female,Dubai,Silver,Website,07 October 2025
4571,35,Female,Abu Dhabi,Gold,Store,20 July 2022
4572,35,Male,Dubai,Silver,Store,20 September 2023
4573,40,Female,Dubai,Silver,Store,06 January 2023
4574,55,Female,Dubai,Silver,MobileApp,05 June 2021
4575,55,Female,Sharjah,Gold,Website,06 May 2025
4576,18,Female,Abu Dhabi,Silver,Website,04 November 2022
4577,40,Male,Sharjah,Silver,Store,23 July 2025
4578,35,Male,Dubai,Silver,Store,14 January 2024
4579,35,Female,Dubai,Platinum,Store,10 March 2021
4580,20,Female,Abu Dhabi,Gold,Store,09 November 2024
4581,35,Female,Dubai,Gold,Store,08 January 2022
4582,60,Female,Abu Dhabi,Gold,Store,24 February 2021
4583,50,Male,Abu Dhabi,Silver,Website,26 March 2021
4584,25,Female,Abu Dhabi,Gold,Noon,30 July 2023
4585,18,Male,Sharjah,Gold,Store,21 April 2023
4586,25,Female,Dubai,Silver,MobileApp,15 August 2022
4587,40,Male,Dubai,Silver,Store,02 January 2023
4588,35,Female,Abu Dhabi,Silver,Website,14 September 2022
4589,30,Male,Dubai,Silver,Website,06 October 2023
4590,18,Male,Dubai,Gold,Amazon.ae,13 November 2021
4591,25,Male,Dubai,Silver,Store,02 April 2024
4592,30,Female,Dubai,Silver,Store,27 June 2025
4593,50,Female,Dubai,Gold,Store,17 September 2022
4594,35,Male,Dubai,Silver,Store,09 September 2021
4595,25,Female,Abu Dhabi,Silver,Amazon.ae,01 June 2021
4596,30,Female,Abu Dhabi,Gold,MobileApp,21 September 2024
4597,18,Male,Abu Dhabi,Silver,MobileApp,29 June 2023
4598,55,Male,Abu Dhabi,Gold,Website,23 October 2024
4599,25,Female,Dubai,Silver,Amazon.ae,16 May 2023
4600,30,Female,Dubai,Silver,Store,23 August 2022
4601,25,Male,Dubai,Silver,Store,04 October 2023
4602,35,Female,Sharjah,Silver,MobileApp,29 August 2023
4603,35,Male,Abu Dhabi,Platinum,Store,02 October 2023
4604,35,Male,Dubai,Platinum,Store,29 January 2024
4605,25,Male,Dubai,Gold,Store,18 February 2024
4606,25,Male,Sharjah,Silver,Website,09 November 2024
4607,20,Female,Abu Dhabi,Platinum,Website,30 October 2021
4608,35,Female,Sharjah,Gold,Store,06 October 2025
4609,18,Male,Dubai,Silver,MobileApp,18 March 2024
4610,30,Male,Dubai,Gold,MobileApp,09 May 2024
4611,45,Female,Abu Dhabi,Silver,Amazon.ae,24 October 2023
4612,45,Female,Abu Dhabi,Silver,Website,04 February 2022
4613,25,Female,Abu Dhabi,Gold,MobileApp,09 March 2021
4614,30,Female,Abu Dhabi,Gold,MobileApp,03 June 2021
4615,18,Male,Abu Dhabi,Silver,Store,12 October 2023
4616,35,Female,Abu Dhabi,Silver,Store,26 February 2025
4617,40,Male,Dubai,Platinum,Website,01 July 2021
4618,20,Male,Dubai,Gold,Store,09 June 2022
4619,25,Male,Sharjah,Silver,Store,08 July 2021
4620,40,Male,Dubai,Silver,Website,20 January 2021
4621,45,Female,Abu Dhabi,Silver,Store,01 May 2023
4622,20,Female,Abu Dhabi,Platinum,Store,30 July 2024
4623,30,Male,Sharjah,Silver,Website,17 June 2023
4624,20,Male,Dubai,Silver,MobileApp,10 January 2021
4625,20,Male,Dubai,Silver,MobileApp,01 December 2022
4626,50,Male,Sharjah,Gold,Website,04 April 2025
4627,40,Female,Sharjah,Gold,Website,17 October 2022
4628,40,Female,Abu Dhabi,Gold,Store,27 June 2025
4629,18,Female,Dubai,Silver,Store,19 August 2024
4630,40,Female,Dubai,Silver,Store,29 August 2021
4631,25,Female,Abu Dhabi,Platinum,MobileApp,01 June 2021
4632,25,Male,Sharjah,Platinum,Website,23 February 2023
4633,30,Male,Sharjah,Platinum,MobileApp,22 September 2024
4634,18,Male,Dubai,Platinum,MobileApp,07 July 2021
4635,40,Female,Dubai,Gold,Store,09 April 2022
4636,30,Female,Dubai,Gold,Website,23 December 2022
4637,20,Male,Sharjah,Gold,Store,15 April 2024
4638,20,Male,Abu Dhabi,Gold,Store,19 June 2023
4639,20,Male,Dubai,Silver,Website,07 December 2022
4640,18,Female,Dubai,Silver,Noon,15 April 2024
4641,30,Male,Abu Dhabi,Platinum,MobileApp,31 May 2023
4642,40,Female,Dubai,Silver,Amazon.ae,19 February 2022
4643,18,Female,Sharjah,Gold,Store,01 August 2022
4644,18,Male,Abu Dhabi,Silver,Store,06 November 2021
4645,30,Female,Dubai,Silver,Store,23 October 2023
4646,40,Female,Dubai,Silver,Store,13 November 2021
4647,25,Male,Sharjah,Silver,Store,13 March 2025
4648,25,Female,Dubai,Silver,Website,17 October 2023
4649,30,Male,Dubai,Silver,Website,15 May 2025
4650,25,Male,Sharjah,Gold,Amazon.ae,03 January 2022
4651,18,Female,Sharjah,Silver,Amazon.ae,09 July 2022
4652,35,Female,Sharjah,Silver,Store,28 August 2022
4653,35,Female,Dubai,Silver,Amazon.ae,03 June 2024
4654,30,Female,Dubai,Gold,Website,25 July 2023
4655,35,Female,Dubai,Gold,Website,25 April 2022
4656,35,Female,Dubai,Gold,MobileApp,08 September 2023
4657,20,Female,Abu Dhabi,Silver,Store,23 December 2023
4658,25,Female,Dubai,Silver,Amazon.ae,27 July 2024
4659,20,Male,Abu Dhabi,Gold,Website,29 July 2023
4660,20,Female,Dubai,Gold,Amazon.ae,14 January 2021
4661,35,Male,Dubai,Silver,Noon,28 January 2021
4662,45,Male,Sharjah,Silver,Website,22 May 2021
4663,55,Male,Dubai,Silver,Store,02 July 2025
4664,35,Female,Dubai,Silver,Store,13 August 2022
4665,20,Male,Dubai,Gold,Store,18 April 2022
4666,20,Male,Dubai,Silver,Store,28 March 2025
4667,40,Female,Dubai,Silver,MobileApp,22 April 2024
4668,30,Male,Dubai,Silver,Store,13 November 2021
4669,35,Female,Abu Dhabi,Platinum,Noon,16 October 2024
4670,40,Male,Sharjah,Gold,MobileApp,21 March 2022
4671,35,Male,Abu Dhabi,Gold,Store,23 October 2021
4672,40,Male,Dubai,Silver,Website,08 February 2022
4673,18,Female,Abu Dhabi,Gold,Website,22 January 2023
4674,35,Male,Dubai,Silver,Website,20 September 2021
4675,45,Female,Abu Dhabi,Silver,Website,27 April 2023
4676,25,Male,Abu Dhabi,Silver,Store,12 January 2022
4677,35,Male,Dubai,Silver,Website,08 August 2022
4678,25,Male,Sharjah,Silver,Website,28 December 2023
4679,55,Male,Sharjah,Gold,MobileApp,10 March 2023
4680,18,Female,Sharjah,Silver,MobileApp,16 April 2022
4681,30,Female,Dubai,Silver,Store,02 January 2023
4682,20,Female,Abu Dhabi,Silver,Store,30 August 2023
4683,35,Male,Sharjah,Silver,MobileApp,16 February 2021
4684,20,Male,Dubai,Silver,Noon,05 August 2023
4685,20,Male,Sharjah,Silver,Store,18 December 2023
4686,30,Female,Dubai,Silver,Store,24 January 2021
4687,50,Male,Dubai,Silver,Store,06 August 2024
4688,20,Female,Abu Dhabi,Silver,Store,11 April 2023
4689,20,Male,Abu Dhabi,Silver,Store,07 January 2025
4690,40,Male,Abu Dhabi,Silver,Store,07 February 2022
4691,30,Male,Sharjah,Silver,Website,14 November 2023
4692,50,Male,Dubai,Silver,Store,24 December 2023
4693,20,Female,Dubai,Gold,Store,11 August 2025
4694,35,Male,Sharjah,Silver,Store,10 July 2025
4695,20,Female,Dubai,Silver,Amazon.ae,22 June 2025
4696,20,Male,Abu Dhabi,Platinum,Website,16 June 2024
4697,35,Female,Abu Dhabi,Gold,Noon,10 October 2021
4698,30,Male,Dubai,Platinum,Website,05 January 2025
4699,40,Female,Dubai,Gold,Store,16 August 2024
4700,25,Female,Abu Dhabi,Silver,Store,03 April 2021
4701,25,Female,Sharjah,Silver,Website,20 May 2025
4702,25,Male,Abu Dhabi,Gold,Website,30 October 2024
4703,60,Female,Abu Dhabi,Platinum,Website,17 November 2022
4704,25,Male,Dubai,Gold,MobileApp,06 November 2021
4705,25,Male,Dubai,Gold,MobileApp,07 June 2023
4706,25,Male,Dubai,Silver,Store,05 April 2024
4707,30,Male,Dubai,Silver,MobileApp,07 January 2021
4708,25,Female,Dubai,Platinum,Website,03 December 2023
4709,50,Male,Dubai,Gold,Store,27 February 2023
4710,25,Female,Dubai,Platinum,Website,25 September 2024
4711,45,Female,Dubai,Gold,Website,22 March 2024
4712,20,Male,Dubai,Silver,Store,12 February 2021
4713,35,Female,Abu Dhabi,Silver,Store,26 December 2022
4714,50,Male,Abu Dhabi,Platinum,Store,20 July 2021
4715,20,Female,Dubai,Silver,Store,14 June 2023
4716,55,Male,Sharjah,Silver,Store,29 October 2022
4717,30,Female,Dubai,Silver,Store,22 October 2025
4718,50,Female,Sharjah,Silver,Store,16 August 2025
4719,35,Female,Dubai,Silver,Store,02 July 2022
4720,25,Male,Sharjah,Gold,Amazon.ae,14 August 2021
4721,20,Male,Dubai,Silver,Store,25 September 2022
4722,25,Male,Abu Dhabi,Silver,Store,25 March 2025
4723,18,Male,Dubai,Gold,Store,24 September 2024
4724,20,Male,Abu Dhabi,Silver,MobileApp,20 September 2024
4725,20,Female,Dubai,Gold,Store,19 April 2024
4726,25,Male,Dubai,Silver,Store,06 April 2025
4727,40,Male,Abu Dhabi,Platinum,Store,04 August 2023
4728,20,Female,Dubai,Silver,Noon,19 July 2024
4729,20,Female,Sharjah,Silver,Website,13 July 2021
4730,35,Male,Dubai,Gold,Store,22 June 2022
4731,20,Male,Dubai,Gold,Store,26 April 2022
4732,18,Male,Abu Dhabi,Silver,Store,27 January 2024
4733,20,Male,Dubai,Platinum,Store,06 March 2022
4734,50,Female,Dubai,Silver,MobileApp,16 March 2025
4735,40,Male,Abu Dhabi,Platinum,Website,21 October 2025
4736,25,Female,Abu Dhabi,Silver,Website,12 September 2024
4737,35,Female,Sharjah,Silver,Store,03 August 2023
4738,30,Female,Dubai,Silver,Website,30 June 2023
4739,35,Male,Abu Dhabi,Silver,Store,01 August 2022
4740,35,Male,Dubai,Silver,Store,10 December 2024
4741,35,Female,Dubai,Silver,Website,21 April 2021
4742,25,Male,Abu Dhabi,Silver,Store,31 July 2021
4743,18,Male,Dubai,Silver,Website,03 September 2025
4744,30,Male,Dubai,Silver,Amazon.ae,01 May 2023
4745,45,Male,Dubai,Gold,Store,28 May 2023
4746,30,Female,Abu Dhabi,Silver,Amazon.ae,14 September 2023
4747,40,Male,Sharjah,Gold,Store,23 September 2023
4748,60,Male,Abu Dhabi,Platinum,Store,25 July 2022
4749,20,Male,Dubai,Gold,Website,20 November 2023
4750,35,Female,Abu Dhabi,Platinum,Website,14 July 2024
4751,35,Female,Abu Dhabi,Silver,Store,28 October 2022
4752,55,Female,Dubai,Silver,MobileApp,16 December 2021
4753,60,Male,Dubai,Silver,Noon,18 March 2025
4754,35,Male,Dubai,Silver,Store,19 July 2023
4755,20,Male,Dubai,Gold,Amazon.ae,12 November 2022
4756,40,Female,Sharjah,Silver,Website,22 May 2024
4757,20,Female,Dubai,Silver,Amazon.ae,08 September 2021
4758,40,Female,Dubai,Gold,Store,16 April 2025
4759,50,Male,Sharjah,Silver,MobileApp,15 November 2021
4760,25,Female,Sharjah,Silver,Store,21 April 2024
4761,35,Male,Abu Dhabi,Silver,Amazon.ae,04 June 2023
4762,25,Female,Dubai,Platinum,Website,08 July 2021
4763,25,Male,Dubai,Gold,Store,26 December 2022
4764,25,Female,Dubai,Silver,Store,25 February 2024
4765,40,Male,Dubai,Silver,MobileApp,12 August 2024
4766,50,Male,Dubai,Silver,Website,13 November 2023
4767,50,Female,Abu Dhabi,Silver,Store,03 April 2025
4768,20,Male,Dubai,Gold,Store,20 March 2021
4769,45,Female,Dubai,Silver,MobileApp,30 June 2022
4770,35,Female,Dubai,Silver,Store,02 February 2025
4771,25,Female,Abu Dhabi,Platinum,Store,13 July 2023
4772,18,Male,Abu Dhabi,Gold,Amazon.ae,11 September 2022
4773,25,Male,Abu Dhabi,Gold,Store,01 November 2021
4774,50,Female,Dubai,Silver,Store,11 January 2025
4775,35,Male,Dubai,Silver,Store,18 July 2021
4776,35,Female,Dubai,Silver,Amazon.ae,29 April 2024
4777,25,Male,Dubai,Gold,Store,09 June 2024
4778,35,Male,Sharjah,Silver,Website,17 May 2025
4779,18,Male,Sharjah,Gold,Amazon.ae,08 July 2022
4780,25,Male,Abu Dhabi,Platinum,Store,14 November 2023
4781,35,Male,Sharjah,Silver,MobileApp,26 August 2025
4782,20,Female,Abu Dhabi,Silver,Store,24 January 2025
4783,40,Female,Dubai,Gold,Website,02 July 2021
4784,20,Male,Sharjah,Platinum,Store,27 December 2024
4785,35,Female,Dubai,Gold,Website,30 August 2022
4786,25,Male,Abu Dhabi,Silver,Store,24 March 2021
4787,30,Female,Dubai,Silver,Store,03 April 2021
4788,20,Female,Dubai,Gold,Amazon.ae,25 July 2024
4789,18,Female,Abu Dhabi,Gold,Store,09 September 2022
4790,50,Male,Dubai,Silver,MobileApp,14 January 2024
4791,25,Male,Dubai,Silver,Store,27 July 2022
4792,40,Male,Dubai,Gold,Store,16 May 2024
4793,60,Female,Dubai,Silver,MobileApp,21 August 2025
4794,20,Male,Sharjah,Gold,Store,04 August 2022
4795,25,Female,Abu Dhabi,Silver,Amazon.ae,28 September 2023
4796,35,Male,Dubai,Gold,Website,07 January 2025
4797,55,Female,Dubai,Gold,Store,13 February 2023
4798,50,Male,Sharjah,Silver,Website,03 May 2023
4799,30,Male,Dubai,Gold,Store,25 October 2024
4800,40,Male,Dubai,Gold,Store,13 October 2022
4801,20,Male,Dubai,Platinum,MobileApp,03 March 2023
4802,55,Male,Sharjah,Silver,Store,21 April 2022
4803,55,Female,Dubai,Gold,Store,19 May 2022
4804,20,Male,Dubai,Gold,MobileApp,19 August 2021
4805,25,Male,Dubai,Silver,MobileApp,28 May 2023
4806,20,Female,Dubai,Gold,Website,15 October 2024
4807,25,Male,Abu Dhabi,Silver,Website,06 May 2025
4808,40,Female,Dubai,Silver,Website,09 November 2023
4809,25,Female,Dubai,Silver,Website,21 November 2022
4810,18,Male,Dubai,Silver,Store,28 July 2021
4811,25,Male,Dubai,Platinum,Noon,11 May 2021
4812,60,Male,Sharjah,Gold,Store,13 January 2023
4813,35,Female,Sharjah,Silver,Website,19 January 2022
4814,25,Female,Dubai,Gold,Amazon.ae,21 January 2024
4815,20,Female,Dubai,Silver,Website,16 April 2025
4816,60,Female,Dubai,Silver,Amazon.ae,28 December 2021
4817,40,Male,Abu Dhabi,Silver,Store,31 January 2023
4818,25,Female,Abu Dhabi,Silver,Store,22 February 2024
4819,18,Female,Dubai,Silver,Amazon.ae,01 August 2023
4820,18,Female,Abu Dhabi,Gold,Store,10 October 2022
4821,20,Female,Abu Dhabi,Silver,MobileApp,20 July 2024
4822,30,Female,Sharjah,Silver,Store,21 December 2021
4823,50,Male,Dubai,Silver,MobileApp,10 April 2021
4824,30,Male,Dubai,Silver,Website,01 January 2023
4825,40,Male,Dubai,Platinum,Store,28 June 2025
4826,25,Male,Sharjah,Silver,Website,28 October 2021
4827,35,Female,Abu Dhabi,Gold,Website,01 September 2022
4828,35,Male,Abu Dhabi,Silver,Store,01 June 2023
4829,20,Female,Dubai,Gold,Website,22 July 2021
4830,25,Male,Dubai,Silver,Website,11 November 2023
4831,35,Male,Dubai,Platinum,Store,06 May 2024
4832,18,Female,Abu Dhabi,Silver,MobileApp,22 April 2021
4833,25,Female,Dubai,Silver,Store,18 March 2024
4834,30,Male,Dubai,Platinum,Store,16 January 2022
4835,60,Male,Abu Dhabi,Gold,Website,25 January 2023
4836,30,Male,Dubai,Silver,Website,12 August 2023
4837,40,Male,Dubai,Platinum,Amazon.ae,21 April 2024
4838,25,Male,Dubai,Gold,Store,07 March 2023
4839,40,Male,Sharjah,Silver,Store,03 December 2021
4840,30,Female,Abu Dhabi,Silver,Store,23 September 2024
4841,45,Female,Sharjah,Silver,MobileApp,16 August 2024
4842,25,Female,Dubai,Silver,Store,13 June 2025
4843,35,Female,Sharjah,Gold,MobileApp,10 August 2021
4844,35,Male,Sharjah,Silver,Store,09 October 2023
4845,25,Female,Abu Dhabi,Silver,MobileApp,30 January 2023
4846,20,Male,Sharjah,Gold,Website,03 December 2024
4847,18,Female,Dubai,Silver,Amazon.ae,20 November 2022
4848,18,Male,Dubai,Platinum,Store,28 April 2021
4849,45,Male,Dubai,Platinum,Website,23 June 2021
4850,20,Female,Abu Dhabi,Platinum,MobileApp,27 May 2024
4851,20,Female,Abu Dhabi,Gold,Website,31 October 2024
4852,35,Female,Abu Dhabi,Silver,Store,20 October 2025
4853,25,Female,Dubai,Silver,Noon,15 November 2021
4854,30,Male,Dubai,Silver,Store,01 June 2025
4855,20,Male,Dubai,Silver,Store,17 January 2024
4856,55,Male,Abu Dhabi,Gold,Website,07 January 2024
4857,45,Female,Dubai,Silver,Website,17 March 2022
4858,45,Female,Sharjah,Platinum,MobileApp,09 May 2024
4859,25,Male,Dubai,Platinum,Store,19 May 2025
4860,40,Female,Dubai,Silver,Store,19 February 2022
4861,20,Female,Sharjah,Silver,Website,25 October 2023
4862,18,Male,Dubai,Silver,Store,08 August 2023
4863,18,Female,Dubai,Gold,Amazon.ae,24 March 2021
4864,30,Female,Dubai,Gold,Amazon.ae,25 September 2025
4865,30,Female,Dubai,Silver,Website,16 September 2023
4866,30,Male,Sharjah,Silver,Store,08 May 2022
4867,18,Male,Abu Dhabi,Silver,Amazon.ae,06 January 2021
4868,25,Male,Dubai,Platinum,Store,06 December 2022
4869,35,Male,Abu Dhabi,Silver,Store,19 October 2025
4870,25,Female,Dubai,Silver,Store,13 December 2021
4871,35,Male,Abu Dhabi,Gold,Store,18 June 2022
4872,20,Female,Sharjah,Gold,MobileApp,19 October 2022
4873,40,Male,Sharjah,Gold,Website,13 August 2023
4874,30,Male,Dubai,Silver,Noon,27 March 2022
4875,20,Male,Dubai,Gold,Store,14 March 2024
4876,20,Female,Dubai,Silver,Website,23 October 2023
4877,35,Female,Abu Dhabi,Silver,Noon,04 August 2024
4878,40,Male,Abu Dhabi,Silver,MobileApp,07 July 2023
4879,25,Female,Dubai,Silver,MobileApp,02 June 2024
4880,25,Male,Sharjah,Silver,Store,12 August 2023
4881,45,Male,Dubai,Platinum,MobileApp,31 December 2024
4882,35,Male,Dubai,Silver,Store,02 August 2021
4883,25,Male,Dubai,Platinum,Website,19 June 2023
4884,30,Female,Dubai,Silver,Website,04 April 2024
4885,20,Male,Dubai,Silver,Website,08 January 2022
4886,35,Male,Abu Dhabi,Gold,MobileApp,15 October 2022
4887,25,Male,Dubai,Gold,Website,22 May 2022
4888,60,Female,Dubai,Silver,Store,10 September 2023
4889,30,Male,Abu Dhabi,Gold,Website,30 July 2022
4890,30,Female,Dubai,Silver,Website,29 November 2021
4891,30,Male,Abu Dhabi,Platinum,Store,31 July 2021
4892,50,Male,Dubai,Silver,Store,16 October 2021
4893,40,Female,Abu Dhabi,Gold,Store,02 September 2022
4894,30,Male,Sharjah,Silver,Store,15 June 2021
4895,35,Female,Dubai,Gold,Noon,06 May 2021
4896,30,Male,Abu Dhabi,Gold,Store,26 March 2024
4897,30,Female,Sharjah,Silver,Website,16 May 2025
4898,20,Male,Abu Dhabi,Platinum,MobileApp,22 November 2023
4899,30,Female,Dubai,Silver,Store,01 October 2021
4900,20,Male,Dubai,Silver,Amazon.ae,17 August 2024
4901,50,Male,Abu Dhabi,Gold,Store,11 November 2023
4902,25,Male,Sharjah,Silver,Amazon.ae,28 March 2025
4903,55,Male,Dubai,Silver,Store,07 September 2022
4904,30,Male,Dubai,Silver,Store,03 October 2021
4905,35,Male,Dubai,Gold,Store,28 October 2023
4906,30,Female,Dubai,Silver,Store,13 October 2023
4907,20,Female,Dubai,Silver,MobileApp,18 January 2025
4908,25,Female,Dubai,Gold,Store,28 February 2024
4909,18,Female,Dubai,Gold,Website,15 August 2024
4910,35,Male,Dubai,Platinum,Store,07 April 2021
4911,25,Male,Sharjah,Gold,MobileApp,04 October 2021
4912,40,Male,Dubai,Gold,MobileApp,01 August 2024
4913,20,Female,Dubai,Silver,Website,11 March 2023
4914,20,Male,Dubai,Silver,Store,11 April 2024
4915,25,Male,Sharjah,Gold,Website,28 November 2021
4916,50,Female,Abu Dhabi,Platinum,Store,24 July 2021
4917,35,Male,Abu Dhabi,Gold,Store,13 April 2021
4918,25,Female,Dubai,Silver,Website,01 October 2023
4919,30,Female,Sharjah,Silver,Noon,07 July 2025
4920,18,Male,Dubai,Gold,Amazon.ae,13 August 2023
4921,60,Male,Dubai,Gold,Website,26 December 2021
4922,35,Male,Abu Dhabi,Gold,Website,29 February 2024
4923,25,Female,Sharjah,Silver,Noon,08 February 2021
4924,30,Male,Abu Dhabi,Silver,Website,03 November 2021
4925,20,Female,Sharjah,Platinum,Store,03 June 2023
4926,55,Female,Sharjah,Gold,Amazon.ae,04 June 2022
4927,20,Male,Dubai,Silver,Store,28 May 2023
4928,35,Male,Dubai,Silver,Store,15 February 2021
4929,20,Female,Dubai,Platinum,Website,13 July 2021
4930,35,Male,Sharjah,Gold,Store,22 March 2025
4931,40,Female,Dubai,Silver,Store,13 May 2025
4932,35,Male,Sharjah,Silver,Store,07 April 2024
4933,35,Female,Dubai,Silver,Website,20 February 2024
4934,45,Female,Dubai,Silver,Noon,06 September 2021
4935,18,Female,Dubai,Gold,Store,10 October 2023
4936,25,Male,Dubai,Silver,Store,26 July 2021
4937,20,Male,Sharjah,Gold,Store,25 April 2021
4938,60,Female,Dubai,Gold,Website,27 August 2021
4939,25,Male,Dubai,Silver,MobileApp,20 July 2022
4940,35,Male,Dubai,Silver,Website,05 January 2024
4941,35,Female,Dubai,Silver,Store,07 April 2024
4942,20,Male,Dubai,Silver,Website,08 December 2023
4943,20,Male,Dubai,Silver,Website,06 January 2023
4944,25,Male,Sharjah,Gold,Store,30 December 2023
4945,25,Female,Dubai,Gold,Store,23 May 2022
4946,20,Female,Dubai,Gold,Store,04 June 2021
4947,18,Male,Abu Dhabi,Gold,Noon,02 May 2025
4948,45,Male,Dubai,Gold,MobileApp,06 April 2022
4949,55,Male,Dubai,Gold,MobileApp,28 October 2024
4950,25,Female,Abu Dhabi,Silver,Amazon.ae,02 March 2023
4951,25,Male,Dubai,Platinum,MobileApp,10 May 2024
4952,18,Female,Abu Dhabi,Silver,Amazon.ae,16 October 2022
4953,35,Male,Dubai,Silver,Store,13 November 2021
4954,40,Female,Abu Dhabi,Silver,Website,27 March 2022
4955,20,Male,Sharjah,Platinum,MobileApp,20 July 2025
4956,20,Female,Dubai,Platinum,Website,16 August 2025
4957,40,Male,Dubai,Gold,Store,31 July 2022
4958,35,Male,Dubai,Gold,Store,25 January 2024
4959,18,Female,Dubai,Silver,Store,13 September 2025
4960,35,Female,Sharjah,Platinum,Store,11 May 2022
4961,25,Male,Abu Dhabi,Gold,Store,28 December 2021
4962,25,Female,Dubai,Platinum,Website,02 April 2022
4963,40,Female,Abu Dhabi,Silver,Amazon.ae,16 April 2024
4964,40,Female,Dubai,Silver,MobileApp,09 May 2021
4965,25,Male,Abu Dhabi,Gold,MobileApp,22 February 2025
4966,50,Male,Abu Dhabi,Silver,Amazon.ae,29 November 2023
4967,25,Male,Abu Dhabi,Platinum,Store,21 January 2025
4968,40,Male,Dubai,Silver,Store,23 March 2023
4969,30,Female,Abu Dhabi,Platinum,Store,23 May 2023
4970,45,Male,Dubai,Silver,Amazon.ae,16 December 2021
4971,50,Male,Abu Dhabi,Gold,Store,07 October 2022
4972,18,Female,Dubai,Silver,MobileApp,28 March 2022
4973,50,Female,Dubai,Gold,Store,04 November 2024
4974,40,Male,Abu Dhabi,Silver,Amazon.ae,19 April 2021
4975,40,Male,Sharjah,Platinum,Store,27 May 2025
4976,20,Female,Dubai,Gold,MobileApp,16 May 2024
4977,40,Male,Sharjah,Silver,Store,31 July 2022
4978,45,Female,Abu Dhabi,Platinum,Store,29 August 2021
4979,25,Female,Abu Dhabi,Silver,Website,14 August 2022
4980,55,Male,Sharjah,Silver,Noon,17 January 2024
4981,18,Female,Dubai,Silver,Website,23 November 2024
4982,20,Female,Sharjah,Gold,Amazon.ae,10 September 2025
4983,30,Male,Dubai,Silver,MobileApp,09 July 2024
4984,30,Female,Dubai,Silver,MobileApp,01 August 2022
4985,35,Female,Abu Dhabi,Platinum,Store,21 November 2021
4986,18,Female,Sharjah,Gold,Store,06 January 2022
4987,55,Female,Sharjah,Silver,Store,15 April 2021
4988,18,Male,Abu Dhabi,Gold,Noon,08 April 2021
4989,20,Male,Abu Dhabi,Platinum,Noon,19 February 2025
4990,18,Male,Dubai,Silver,MobileApp,06 April 2021
4991,30,Male,Sharjah,Gold,Store,04 February 2025
4992,50,Male,Dubai,Silver,Store,15 February 2021
4993,35,Female,Abu Dhabi,Gold,Noon,09 June 2023
4994,40,Female,Abu Dhabi,Silver,Store,31 January 2021
4995,18,Female,Abu Dhabi,Gold,MobileApp,12 February 2022
4996,30,Female,Dubai,Silver,Store,30 October 2024
4997,30,Female,Sharjah,Gold,Store,06 November 2024
4998,30,Male,Abu Dhabi,Silver,MobileApp,17 December 2022
4999,18,Female,Sharjah,Silver,Store,11 August 2025
5000,35,Male,Dubai,Silver,Store,06 October 2022
